"","x"
"1","IGHG3"
"2","IGLC1"
"3","IGHM"
"4","CCL21"
"5","TYRP1"
"6","CTSG"
"7","FLG"
"8","SPP1"
"9","CXCL8"
"10","SPRR3"
"11","JCHAIN"
"12","GNLY"
"13","FCGBP"
"14","FLG2"
"15","CPA3"
"16","HDC"
"17","KRT1"
"18","CCL18"
"19","MMP9"
"20","IGHA1"
"21","PI16"
"22","CXCL13"
"23","IGHD"
"24","PLA2G2A"
"25","MMP3"
"26","KLK6"
"27","KPRP"
"28","ADCYAP1"
"29","LCE3D"
"30","CXCL10"
"31","CRCT1"
"32","MMP1"
"33","CHI3L1"
"34","RNASE7"
"35","SPRR2G"
"36","KLK13"
"37","HBA2"
"38","HBB"
"39","MMP12"
"40","COMP"
"41","CCL22"
"42","G0S2"
"43","SLC18A2"
"44","CMA1"
"45","PI3"
"46","CCL19"
"47","IRF8"
"48","MS4A1"
"49","ACP7"
"50","APOE"
"51","HAL"
"52","SELE"
"53","IGFBP5"
"54","IL1B"
"55","MMP13"
"56","SPRR2D"
"57","TMPRSS11B"
"58","HPGD"
"59","IGFBP3"
"60","WDFY4"
"61","IVL"
"62","CDSN"
"63","DES"
"64","KLK5"
"65","APOD"
"66","HMOX1"
"67","CD207"
"68","IL6"
"69","HIST1H1B"
"70","MS4A2"
"71","SPRR2E"
"72","KIT"
"73","PLVAP"
"74","COL4A1"
"75","KRT4"
"76","KRT6C"
"77","EGFL7"
"78","KRT10"
"79","GATA2"
"80","IL24"
"81","DHRS2"
"82","STAB1"
"83","PTGDS"
"84","LYZ"
"85","ACTA2"
"86","LTF"
"87","C3"
"88","SFRP4"
"89","MGP"
"90","WFDC12"
"91","CALML5"
"92","LCN2"
"93","CNFN"
"94","PLA2G2F"
"95","CD83"
"96","LTB"
"97","CXCL9"
"98","MYH11"
"99","VWF"
"100","TAGLN"
"101","APOBEC3A"
"102","CLEC10A"
"103","FN1"
"104","TNXB"
"105","RNASE1"
"106","COL17A1"
"107","FAM30A"
"108","AQP1"
"109","AOC1"
"110","IL36RN"
"111","MUCL1"
"112","SERPINE1"
"113","VWA5A"
"114","S100P"
"115","MMP11"
"116","CXCL5"
"117","GZMB"
"118","CXCL12"
"119","GREM1"
"120","CLU"
"121","NKD2"
"122","C1QB"
"123","KRT23"
"124","MZB1"
"125","CRNN"
"126","SPRR2F"
"127","KLK12"
"128","CEMIP"
"129","PROX1"
"130","DSC1"
"131","PLTP"
"132","TPSG1"
"133","MMP7"
"134","IL36G"
"135","MARCO"
"136","TRBC2"
"137","IL1RL1"
"138","CHIT1"
"139","DIO2"
"140","GZMA"
"141","ARG1"
"142","HRNR"
"143","F13A1"
"144","CCN2"
"145","MPEG1"
"146","CXCL3"
"147","IDO1"
"148","TGM3"
"149","CCL8"
"150","CDH5"
"151","PTGS2"
"152","FABP4"
"153","IL7R"
"154","S100A7A"
"155","TRBC1"
"156","CSF2RA"
"157","COL15A1"
"158","PAEP"
"159","CD209"
"160","NKG7"
"161","KLK7"
"162","CCL5"
"163","PROK2"
"164","ACTG2"
"165","CCDC102B"
"166","F3"
"167","CSF3R"
"168","IRF4"
"169","CXCL14"
"170","SFRP2"
"171","CCL4"
"172","CCN1"
"173","ELN"
"174","LAMP3"
"175","TMPRSS11E"
"176","CD163"
"177","COL4A2"
"178","PODXL"
"179","FLT1"
"180","MS4A7"
"181","ADAMTS9"
"182","STAB2"
"183","DEPP1"
"184","PADI1"
"185","TNC"
"186","FCER1A"
"187","OSM"
"188","EGR3"
"189","NR4A1"
"190","RPTN"
"191","ITGAX"
"192","CCL14"
"193","DERL3"
"194","SBSN"
"195","C1QC"
"196","ENG"
"197","GPRC5A"
"198","THBS1"
"199","CD300E"
"200","EREG"
"201","ITGA7"
"202","CASP14"
"203","IL1RN"
"204","ERO1A"
"205","IL1A"
"206","KLRK1"
"207","APCDD1"
"208","GZMK"
"209","MMRN1"
"210","INHBA"
"211","SLCO2A1"
"212","KRT78"
"213","XCR1"
"214","TRAC"
"215","CEACAM5"
"216","CD14"
"217","C1QA"
"218","LGMN"
"219","SIGLEC6"
"220","PLIN4"
"221","SERPINB2"
"222","KRT75"
"223","CCL3"
"224","TRDC"
"225","TFPI2"
"226","RGS13"
"227","PI15"
"228","SEMA3G"
"229","THBS4"
"230","FLT4"
"231","IL12B"
"232","FGF7"
"233","GJA5"
"234","TIMP3"
"235","CLDN5"
"236","MCAM"
"237","LIF"
"238","CD93"
"239","ADAMTS1"
"240","IL4I1"
"241","CCL17"
"242","PDGFB"
"243","LILRA4"
"244","CCR7"
"245","LCN10"
"246","SLC40A1"
"247","CD8A"
"248","FOXP3"
"249","NRXN1"
"250","CCL24"
"251","PTP4A3"
"252","CXCL11"
"253","HBD"
"254","CLEC4C"
"255","CD1C"
"256","CXCL6"
"257","ADAM33"
"258","SLC9A3R2"
"259","PPBP"
"260","HSPA6"
"261","SLPI"
"262","SPNS2"
"263","SELENOP"
"264","LILRB5"
"265","SELL"
"266","HMCN2"
"267","CEACAM6"
"268","KLRC1"
"269","RGS5"
"270","SPINK7"
"271","CLNK"
"272","LPL"
"273","STC1"
"274","DUSP2"
"275","CD79A"
"276","IL2RA"
"277","CXCL1"
"278","TIGIT"
"279","SPOCK2"
"280","NIBAN3"
"281","OLR1"
"282","RGS1"
"283","KRT80"
"284","FGL2"
"285","MASP1"
"286","MS4A6A"
"287","ADGRF1"
"288","IGHG1"
"289","CCL20"
"290","GPR132"
"291","PIM2"
"292","CRYAB"
"293","LIPA"
"294","PCDH17"
"295","TIMP1"
"296","APLNR"
"297","HIST1H1A"
"298","CTSW"
"299","CNN1"
"300","HPGDS"
"301","CD163L1"
"302","TCL1A"
"303","IL17A"
"304","IL2RB"
"305","PRF1"
"306","MMRN2"
"307","ADM"
"308","IFI30"
"309","ESM1"
"310","MUC3A"
"311","RAMP3"
"312","LYVE1"
"313","CSF1R"
"314","S100B"
"315","SLC11A1"
"316","SLC45A3"
"317","CPVL"
"318","EFEMP1"
"319","SSUH2"
"320","ALOX12B"
"321","DMKN"
"322","ACKR1"
"323","LOXL2"
"324","MRGPRX2"
"325","NCCRP1"
"326","CTSK"
"327","PODN"
"328","PTX3"
"329","C11orf96"
"330","CCL4L2"
"331","MYL9"
"332","AQP9"
"333","HTRA3"
"334","KLRD1"
"335","DNASE1L3"
"336","GJA4"
"337","CD248"
"338","FCGR3A"
"339","SPIB"
"340","IL1R2"
"341","PRG4"
"342","CD22"
"343","PRSS22"
"344","SCARA5"
"345","PRND"
"346","DSG1"
"347","BIRC3"
"348","CLDN4"
"349","DHRS9"
"350","RHEX"
"351","KLRC4"
"352","KLRG1"
"353","MAS1L"
"354","SCEL"
"355","ATP13A4"
"356","POF1B"
"357","SHD"
"358","A2M"
"359","CCR4"
"360","CIITA"
"361","CYBB"
"362","ABCA12"
"363","BCL2A1"
"364","CLEC14A"
"365","MRC1"
"366","RGS2"
"367","ADAMTSL1"
"368","SERPINB4"
"369","CD177"
"370","CSF3"
"371","TREM1"
"372","SPARCL1"
"373","EPGN"
"374","TNFRSF18"
"375","CPE"
"376","CTSL"
"377","PTGIS"
"378","GABRP"
"379","FGFBP2"
"380","SLURP2"
"381","ADAMTS18"
"382","JAML"
"383","NPDC1"
"384","CRLF2"
"385","PLAUR"
"386","CD1A"
"387","PLEK"
"388","CXCR6"
"389","ZNF683"
"390","RELN"
"391","HIST1H1D"
"392","SERPINA1"
"393","CD6"
"394","CILP"
"395","CD2"
"396","ECSCR"
"397","TNFRSF9"
"398","C15orf48"
"399","UPP1"
"400","COL7A1"
"401","HSPA1B"
"402","PDGFRB"
"403","HYAL2"
"404","KDM2B"
"405","CTLA4"
"406","TCIM"
"407","ICOS"
"408","TNFRSF4"
"409","CST7"
"410","TM4SF1"
"411","VNN3"
"412","CTSZ"
"413","CXCL2"
"414","MSR1"
"415","FCAR"
"416","ECM1"
"417","IGHA2"
"418","IGFBP7"
"419","LAG3"
"420","PTHLH"
"421","MXD1"
"422","HEPHL1"
"423","NTRK3"
"424","NTS"
"425","HSPB8"
"426","PLD4"
"427","MYLK"
"428","IL3RA"
"429","PRSS27"
"430","TDO2"
"431","ICAM1"
"432","CD68"
"433","FOLR2"
"434","ESAM"
"435","PLPP3"
"436","MAL"
"437","ACKR3"
"438","LILRB2"
"439","NR1H3"
"440","IFITM10"
"441","APOBR"
"442","RIPOR3"
"443","MCF2L"
"444","KLRC3"
"445","TNFRSF13B"
"446","NR4A3"
"447","RDH10"
"448","SIGLEC1"
"449","CCN5"
"450","L1CAM"
"451","SDS"
"452","SLCO2B1"
"453","LDB3"
"454","S100A1"
"455","P2RX1"
"456","HK3"
"457","LHX4"
"458","PLAU"
"459","SERPINE2"
"460","SAMD3"
"461","RASSF4"
"462","DLL4"
"463","FCRL2"
"464","TRAF1"
"465","CFD"
"466","NCF2"
"467","QPCT"
"468","TCF7"
"469","ADGRL4"
"470","TGFBI"
"471","ITIH5"
"472","IFI44L"
"473","MS4A4A"
"474","SYNPO2"
"475","ABCA8"
"476","KIFC3"
"477","EGLN3"
"478","PRELP"
"479","KDR"
"480","MARCKSL1"
"481","SPINK5"
"482","GZMH"
"483","FUCA1"
"484","SLIT3"
"485","GRAP2"
"486","FUT6"
"487","PLA2G2D"
"488","ATF3"
"489","CDH23"
"490","PLA2G7"
"491","SFRP1"
"492","TWIST2"
"493","DAB2"
"494","CCL2"
"495","TXNDC5"
"496","JAG2"
"497","CD3D"
"498","CDK15"
"499","CLEC5A"
"500","VEGFC"
"501","FCRL1"
"502","TTN"
"503","ACE"
"504","MATK"
"505","MCTP1"
"506","LTBP2"
"507","PTPRB"
"508","CD36"
"509","ALOX5AP"
"510","SULF1"
"511","CR1"
"512","ABCA4"
"513","ITM2C"
"514","LOX"
"515","HSPG2"
"516","VCAM1"
"517","FPR3"
"518","FGR"
"519","FCER1G"
"520","CD96"
"521","ENPP3"
"522","SPI1"
"523","GJB6"
"524","SLCO5A1"
"525","EGR2"
"526","CRIP1"
"527","FCRL5"
"528","ZAP70"
"529","CLEC4G"
"530","BATF"
"531","MFAP5"
"532","ISG15"
"533","ENPP2"
"534","RAMP2"
"535","ADAMTS4"
"536","CXCR4"
"537","RUFY4"
"538","IL37"
"539","DKK1"
"540","TMPRSS11D"
"541","BANK1"
"542","WNT5A"
"543","ABI3BP"
"544","CD69"
"545","HCAR3"
"546","FAM83A"
"547","AFAP1L1"
"548","ID4"
"549","IFIT2"
"550","CLEC4F"
"551","ALDH1A3"
"552","SPEG"
"553","FCRL6"
"554","THSD4"
"555","CD40LG"
"556","BLK"
"557","CD5"
"558","TROAP"
"559","PYHIN1"
"560","FGD2"
"561","ADGRG3"
"562","TNNT3"
"563","EGFL6"
"564","SLC47A2"
"565","CD7"
"566","SAMSN1"
"567","PCSK1"
"568","TENT5C"
"569","MUC4"
"570","AIF1"
"571","FAM43A"
"572","SLC8A1"
"573","EGFLAM"
"574","VASH1"
"575","ACP5"
"576","POU2AF1"
"577","PRSS23"
"578","ANPEP"
"579","CD34"
"580","DUSP5"
"581","GPNMB"
"582","MLPH"
"583","FMN1"
"584","ADCY4"
"585","ITGA8"
"586","AOAH"
"587","KCTD4"
"588","CCL13"
"589","CD52"
"590","COL5A3"
"591","TLR2"
"592","ALOX5"
"593","BCAM"
"594","FRZB"
"595","PLIN5"
"596","TXNDC11"
"597","SORBS1"
"598","BMP2"
"599","ENPEP"
"600","PPIF"
"601","CSF2RB"
"602","LAIR1"
"603","PLAT"
"604","SERPINB12"
"605","SPRY4"
"606","THEMIS"
"607","ASPN"
"608","SERPINB9"
"609","COL11A1"
"610","IGF1"
"611","FBLN5"
"612","TOP2A"
"613","PGM5"
"614","LMOD1"
"615","HIST1H2BG"
"616","IGFBP6"
"617","IGFN1"
"618","NABP1"
"619","RAB44"
"620","EOMES"
"621","SOX10"
"622","LIMS2"
"623","CTSS"
"624","CCR5"
"625","TMEM176B"
"626","HILPDA"
"627","GPR183"
"628","CD80"
"629","PECAM1"
"630","FPR1"
"631","CD3E"
"632","ADAM19"
"633","TBC1D10C"
"634","CRABP1"
"635","OBSCN"
"636","SPRR2B"
"637","PLA2G4E"
"638","HIST2H2BE"
"639","FFAR2"
"640","HOPX"
"641","SCG2"
"642","FASLG"
"643","DTHD1"
"644","SLC12A3"
"645","CD4"
"646","SEMA7A"
"647","CSF1"
"648","ZBP1"
"649","CSPG4"
"650","INSR"
"651","PFKFB3"
"652","GPR15"
"653","ITPKC"
"654","ERRFI1"
"655","PREX2"
"656","PAPPA"
"657","FCMR"
"658","TYROBP"
"659","OASL"
"660","RSAD2"
"661","SPN"
"662","PLAC8"
"663","S1PR1"
"664","ADAP2"
"665","ITGAL"
"666","MCEMP1"
"667","GNG11"
"668","HECW2"
"669","TNFSF13"
"670","TPPP3"
"671","DMXL2"
"672","EMILIN2"
"673","IL10"
"674","COL18A1"
"675","ITK"
"676","NID2"
"677","CALCRL"
"678","PRKG1"
"679","CLEC9A"
"680","ISLR"
"681","LAMB3"
"682","DKK2"
"683","IFRD1"
"684","DYSF"
"685","EMCN"
"686","HBEGF"
"687","MKI67"
"688","KLF2"
"689","ROBO4"
"690","ITGA9"
"691","APLN"
"692","RGL1"
"693","ABCC9"
"694","TNFRSF1B"
"695","TPSD1"
"696","FST"
"697","ZBTB32"
"698","THSD7A"
"699","FUT7"
"700","ALPL"
"701","BNIPL"
"702","RGCC"
"703","ADRB2"
"704","CCL11"
"705","CENPF"
"706","ZC3H12D"
"707","C5AR1"
"708","MMP17"
"709","ABCA6"
"710","RASGRP2"
"711","FHL1"
"712","STC2"
"713","TMEM45A"
"714","NLRP10"
"715","PLXNA4"
"716","LMO2"
"717","ADAMTSL4"
"718","HSPA1A"
"719","CYP26B1"
"720","SRPX"
"721","KCNK5"
"722","NR2F2"
"723","LGI4"
"724","CD300A"
"725","FAM20A"
"726","GBP5"
"727","ACSBG1"
"728","ITGA1"
"729","RGS16"
"730","RTKN2"
"731","CCR8"
"732","CD55"
"733","RIPOR2"
"734","RHOJ"
"735","SLA"
"736","FBXO32"
"737","TIE1"
"738","HAS3"
"739","CES1"
"740","EBI3"
"741","SCD"
"742","HAPLN1"
"743","SLAMF1"
"744","TMEM255B"
"745","CA2"
"746","RAPGEF5"
"747","ITGBL1"
"748","HIST1H4C"
"749","SOX18"
"750","EDN2"
"751","CRLF1"
"752","ACKR2"
"753","SOD3"
"754","CLDN1"
"755","ISM1"
"756","NUAK1"
"757","ARHGEF15"
"758","NAMPT"
"759","NELL2"
"760","CFB"
"761","RRM2"
"762","C2"
"763","CFP"
"764","PIK3R6"
"765","MUC1"
"766","FLT3"
"767","GBP1"
"768","CD247"
"769","TNFAIP3"
"770","CSF2"
"771","GIMAP4"
"772","SLC7A5"
"773","TMEM100"
"774","SLC2A3"
"775","SERPINB13"
"776","ITGB2"
"777","IER3"
"778","PTPN7"
"779","ADAMTSL2"
"780","KCNN1"
"781","TNS2"
"782","ADRA2A"
"783","MAMDC2"
"784","DAPP1"
"785","THRSP"
"786","PROM1"
"787","SELP"
"788","SPRY1"
"789","THBD"
"790","ST8SIA1"
"791","CD27"
"792","PRUNE2"
"793","TNFAIP2"
"794","TMC8"
"795","MAP3K8"
"796","TBX1"
"797","NDRG2"
"798","IL21R"
"799","CASQ1"
"800","NR4A2"
"801","SYNM"
"802","FMO2"
"803","TNS3"
"804","GJC1"
"805","SVEP1"
"806","STEAP4"
"807","DKK3"
"808","PLK1"
"809","LAMP5"
"810","CAVIN2"
"811","MRVI1"
"812","LDB2"
"813","HAVCR2"
"814","SMOC2"
"815","KIAA1755"
"816","KALRN"
"817","IL26"
"818","TMEM184A"
"819","OLFML2A"
"820","PTGDR"
"821","ARHGAP29"
"822","CYP4B1"
"823","ELMOD1"
"824","ITGA4"
"825","ADGRE2"
"826","KCNMA1"
"827","IQGAP3"
"828","ZBTB16"
"829","VSIG4"
"830","ADAMDEC1"
"831","GIMAP7"
"832","PADI2"
"833","PCDH12"
"834","ABCA1"
"835","PGF"
"836","PADI4"
"837","ITM2A"
"838","MNDA"
"839","PDGFRA"
"840","MYO1G"
"841","MX1"
"842","MME"
"843","LRRK2"
"844","CD37"
"845","CCND2"
"846","IDO2"
"847","CRIM1"
"848","CAV1"
"849","NPR1"
"850","TNFSF14"
"851","SEPTIN5"
"852","IL9R"
"853","SNX22"
"854","EPHB6"
"855","TP53INP1"
"856","FCRL3"
"857","PDE2A"
"858","COL9A3"
"859","TRPC6"
"860","SNCG"
"861","TNF"
"862","PLK3"
"863","SYNE1"
"864","CD1B"
"865","DOK2"
"866","FCGR2A"
"867","GRHL3"
"868","SCO2"
"869","IL17REL"
"870","HAS2"
"871","MSLN"
"872","DNM1"
"873","NFATC2"
"874","TFPI"
"875","HOXD9"
"876","PRG2"
"877","INPP4B"
"878","SDC3"
"879","SLC38A11"
"880","ADAM8"
"881","COL8A1"
"882","OSR2"
"883","KYNU"
"884","EXOC3L2"
"885","GGT5"
"886","WNT10A"
"887","C1QTNF1"
"888","HSPA12B"
"889","JAM2"
"890","NFE2"
"891","NUSAP1"
"892","SYTL2"
"893","COL13A1"
"894","GBP6"
"895","H1F0"
"896","IFI6"
"897","ASPM"
"898","CYP7B1"
"899","CAPN3"
"900","HS3ST1"
"901","PARP15"
"902","PGGHG"
"903","GPR34"
"904","LMCD1"
"905","PAPLN"
"906","GCSAML"
"907","PPP1R15A"
"908","SOX17"
"909","CD19"
"910","WHRN"
"911","GADD45A"
"912","SERPINB7"
"913","CD28"
"914","MOCS1"
"915","NOSTRIN"
"916","HJURP"
"917","CTTNBP2"
"918","PDPN"
"919","SPRR2A"
"920","SOX5"
"921","PDE3B"
"922","NFIB"
"923","ITGA2"
"924","EDNRB"
"925","SORL1"
"926","GAS1"
"927","SLC7A11"
"928","CD40"
"929","ITGB6"
"930","CCDC141"
"931","KRT19"
"932","RORA"
"933","EPHA7"
"934","CENPM"
"935","KCTD12"
"936","ADAM28"
"937","ANLN"
"938","PAX5"
"939","CDK1"
"940","ARHGEF17"
"941","STEAP2"
"942","DOCK5"
"943","NRN1"
"944","CEACAM1"
"945","HCK"
"946","DIPK2B"
"947","SCN7A"
"948","ADGRF5"
"949","RAPGEF3"
"950","XCL2"
"951","SH2D1A"
"952","TINAGL1"
"953","ASTL"
"954","ACAN"
"955","AIF1L"
"956","COL23A1"
"957","TSC22D2"
"958","SEMA6B"
"959","TNFRSF11B"
"960","IFI44"
"961","HS3ST2"
"962","MMP28"
"963","IFIT1"
"964","ITGA11"
"965","LOXHD1"
"966","NES"
"967","IFFO2"
"968","ITGAM"
"969","PKDCC"
"970","SEC11C"
"971","SHE"
"972","PCOLCE2"
"973","SLC37A2"
"974","PLCB4"
"975","SNCA"
"976","ID3"
"977","ADAMTS16"
"978","GABRE"
"979","MAFB"
"980","DOCK4"
"981","SOCS3"
"982","MERTK"
"983","CGN"
"984","PALD1"
"985","CYP4F22"
"986","CCR2"
"987","MROH6"
"988","HIST3H2BB"
"989","PIEZO2"
"990","TSC22D3"
"991","LCP2"
"992","LRRC32"
"993","PCSK5"
"994","PDGFA"
"995","SIGLEC8"
"996","HEYL"
"997","TGM2"
"998","LIPG"
"999","TPX2"
"1000","FYB1"
"1001","WARS"
"1002","SMTN"
"1003","RND3"
"1004","DENND3"
"1005","KRT8"
"1006","RGS4"
"1007","CLDN17"
"1008","ENC1"
"1009","CLEC7A"
"1010","PPP1R14A"
"1011","COLEC12"
"1012","MEFV"
"1013","BTK"
"1014","IRF7"
"1015","ADAMTS12"
"1016","NLRP3"
"1017","ADIRF"
"1018","NDUFA4L2"
"1019","TFCP2L1"
"1020","ACHE"
"1021","ITGAD"
"1022","CACNA1H"
"1023","PTGS1"
"1024","WNT2"
"1025","DIPK1B"
"1026","SPOCD1"
"1027","LRG1"
"1028","TLR10"
"1029","ITGB7"
"1030","SARDH"
"1031","BOC"
"1032","PDK1"
"1033","FCGR3B"
"1034","KIFC1"
"1035","IGSF21"
"1036","NTN1"
"1037","PCDH18"
"1038","CENPE"
"1039","IL17C"
"1040","CDC42EP2"
"1041","CDH20"
"1042","ARHGEF25"
"1043","ARHGAP26"
"1044","JSRP1"
"1045","MEOX2"
"1046","RELT"
"1047","PLA2G4B"
"1048","FCER2"
"1049","LHX6"
"1050","LHFPL2"
"1051","ENTPD1"
"1052","ADCY5"
"1053","SETBP1"
"1054","CXCL16"
"1055","ATP8A1"
"1056","MX2"
"1057","COL27A1"
"1058","LAPTM5"
"1059","CKB"
"1060","FAM214A"
"1061","PDZRN3"
"1062","CITED2"
"1063","SAMD5"
"1064","SLAMF7"
"1065","TSPAN11"
"1066","LIPN"
"1067","PLAAT4"
"1068","PDK4"
"1069","AOX1"
"1070","TEK"
"1071","KCNE3"
"1072","LAT2"
"1073","KCP"
"1074","KCNH2"
"1075","ADAMTS6"
"1076","EBF1"
"1077","ADCYAP1R1"
"1078","CTSD"
"1079","PMAIP1"
"1080","ATP2A3"
"1081","BCL6B"
"1082","PIK3AP1"
"1083","TUBB2B"
"1084","CCL3L1"
"1085","GRPEL2"
"1086","ABI3"
"1087","COTL1"
"1088","IKZF2"
"1089","HSH2D"
"1090","PLXNC1"
"1091","ITIH3"
"1092","SOCS1"
"1093","CYTL1"
"1094","CRTAM"
"1095","ALOX12"
"1096","PLA2R1"
"1097","LBH"
"1098","TICRR"
"1099","ARHGEF10L"
"1100","SOD2"
"1101","CDH13"
"1102","PLCB2"
"1103","CLIC5"
"1104","FCGR2B"
"1105","TAGAP"
"1106","ACSL1"
"1107","ZNF521"
"1108","MEOX1"
"1109","CCSER1"
"1110","SEL1L3"
"1111","CYGB"
"1112","HIVEP3"
"1113","KRT73"
"1114","P2RY13"
"1115","TMEM176A"
"1116","CD300LF"
"1117","FPR2"
"1118","PTGFR"
"1119","EFNA1"
"1120","IGFBP2"
"1121","CCR6"
"1122","RBPMS"
"1123","GRASP"
"1124","RGS3"
"1125","KCNN4"
"1126","MDM2"
"1127","MS4A14"
"1128","SHANK3"
"1129","CYTH4"
"1130","PIK3R3"
"1131","C5AR2"
"1132","ABCC4"
"1133","HRH2"
"1134","NTN4"
"1135","MPL"
"1136","PHLDB2"
"1137","SOX4"
"1138","DUSP4"
"1139","DAPK1"
"1140","MYEOV"
"1141","OCA2"
"1142","GADD45G"
"1143","PTTG1"
"1144","NCAPG"
"1145","MYEF2"
"1146","F5"
"1147","PARVG"
"1148","PCSK6"
"1149","SFMBT2"
"1150","S100A3"
"1151","DLC1"
"1152","GRK3"
"1153","SLAMF8"
"1154","MATN2"
"1155","PARM1"
"1156","LAMA2"
"1157","TACC3"
"1158","PTPRE"
"1159","NFKBID"
"1160","C3orf52"
"1161","GEM"
"1162","SLC20A1"
"1163","TBX2"
"1164","SNED1"
"1165","LHFPL6"
"1166","GPR84"
"1167","ATP8B4"
"1168","LST1"
"1169","CD1E"
"1170","DGAT2"
"1171","AIM2"
"1172","CD79B"
"1173","PCDH7"
"1174","ARHGEF4"
"1175","SLC7A7"
"1176","CIT"
"1177","MPP1"
"1178","NCF4"
"1179","MCOLN2"
"1180","MILR1"
"1181","DTNA"
"1182","CA9"
"1183","DUSP6"
"1184","ADA2"
"1185","GPR157"
"1186","CD84"
"1187","RUNX2"
"1188","NCOA7"
"1189","DNAJA4"
"1190","PAG1"
"1191","THEMIS2"
"1192","PEAR1"
"1193","CYSTM1"
"1194","TYMS"
"1195","ELOVL7"
"1196","NTRK2"
"1197","LINGO1"
"1198","SCARF1"
"1199","OLFM2"
"1200","LILRA5"
"1201","SULT2B1"
"1202","MGLL"
"1203","NEURL1B"
"1204","MITF"
"1205","ARHGAP18"
"1206","ALDH1A1"
"1207","ARRB2"
"1208","FGF18"
"1209","FSCN1"
"1210","VSTM4"
"1211","HDAC9"
"1212","ABCC3"
"1213","DOCK6"
"1214","UCP2"
"1215","AMPD3"
"1216","CD200"
"1217","GRB10"
"1218","ADTRP"
"1219","JUN"
"1220","IL10RA"
"1221","DLL1"
"1222","IGSF6"
"1223","IL18R1"
"1224","HK2"
"1225","INHBB"
"1226","GLIS3"
"1227","TREML1"
"1228","PALM2-AKAP2"
"1229","CD274"
"1230","HES4"
"1231","NPL"
"1232","HMGB2"
"1233","KPNA2"
"1234","MYBL2"
"1235","RCAN1"
"1236","SAMD9L"
"1237","TFEC"
"1238","LILRB1"
"1239","CDC20"
"1240","PLA1A"
"1241","TRIB2"
"1242","ARHGAP22"
"1243","MECOM"
"1244","PTGER4"
"1245","P2RX5"
"1246","CBFA2T3"
"1247","GLIPR2"
"1248","LIFR"
"1249","RASGRF2"
"1250","HAPLN3"
"1251","C16orf54"
"1252","LCP1"
"1253","MEIS1"
"1254","RASSF2"
"1255","LAMC3"
"1256","OLFM1"
"1257","IZUMO4"
"1258","TNFRSF8"
"1259","ADAMTS10"
"1260","PAMR1"
"1261","CD38"
"1262","HOXD4"
"1263","NRARP"
"1264","PLCG2"
"1265","LAX1"
"1266","PTPRM"
"1267","ZNF366"
"1268","SRPX2"
"1269","KCNMB1"
"1270","HEG1"
"1271","GPC5"
"1272","TNS1"
"1273","IFITM2"
"1274","TSPAN33"
"1275","SIGLEC10"
"1276","ST3GAL5"
"1277","CHST1"
"1278","CCDC3"
"1279","CREG1"
"1280","ENO2"
"1281","IGSF9B"
"1282","IGSF11"
"1283","MYO1F"
"1284","SLC29A1"
"1285","TTYH2"
"1286","GLCCI1"
"1287","GLRX"
"1288","PRDM1"
"1289","CMKLR1"
"1290","ZBTB46"
"1291","ART4"
"1292","KLF9"
"1293","PTGIR"
"1294","FAM174B"
"1295","POU2F2"
"1296","ERN1"
"1297","RYR3"
"1298","WNT4"
"1299","PRCP"
"1300","KLHL6"
"1301","HSPA2"
"1302","RFTN1"
"1303","LTBP1"
"1304","PLCE1"
"1305","DEGS2"
"1306","PILRA"
"1307","PGLYRP3"
"1308","KCNAB2"
"1309","LGALS2"
"1310","SNX10"
"1311","RASIP1"
"1312","MAB21L1"
"1313","DENND2C"
"1314","FXYD6"
"1315","LPAR1"
"1316","E2F1"
"1317","LYPD3"
"1318","PLPPR4"
"1319","FANCI"
"1320","CCR1"
"1321","SIRPA"
"1322","ESPL1"
"1323","SLC15A3"
"1324","ENPP1"
"1325","ST8SIA4"
"1326","RASGEF1B"
"1327","CLEC4D"
"1328","GNAO1"
"1329","C1QTNF3"
"1330","SATB1"
"1331","LRP4"
"1332","FANCA"
"1333","SH3TC1"
"1334","TK1"
"1335","JCAD"
"1336","FCHO1"
"1337","BNC2"
"1338","DACH1"
"1339","KIF20B"
"1340","BCL11A"
"1341","EPSTI1"
"1342","PRC1"
"1343","DDX60L"
"1344","ABCG1"
"1345","RAB20"
"1346","TMEM140"
"1347","P3H2"
"1348","SLC44A5"
"1349","EPS8"
"1350","PHGDH"
"1351","MRGPRF"
"1352","P2RY6"
"1353","IRS2"
"1354","GOLGA7B"
"1355","TNFRSF21"
"1356","PKIG"
"1357","CEP128"
"1358","RAB7B"
"1359","EPHA4"
"1360","ADGRE5"
"1361","DDIT3"
"1362","SH2D1B"
"1363","SH2B3"
"1364","OTULINL"
"1365","DOC2B"
"1366","RHPN1"
"1367","TRPM2"
"1368","SUSD4"
"1369","STK32A"
"1370","CH25H"
"1371","NOL4L"
"1372","DAAM2"
"1373","KANK3"
"1374","HERC6"
"1375","TRIB1"
"1376","GIMAP8"
"1377","MYC"
"1378","HMGCS1"
"1379","CALHM6"
"1380","NFASC"
"1381","PNPLA7"
"1382","SPOCK1"
"1383","PRR5L"
"1384","EXOC3L1"
"1385","VAV3"
"1386","AURKB"
"1387","SPC25"
"1388","KIF22"
"1389","CADM3"
"1390","HPSE"
"1391","UHRF1"
"1392","INSM1"
"1393","PLCH2"
"1394","ALPK3"
"1395","HEY1"
"1396","SEMA6A"
"1397","CRACR2A"
"1398","SLC12A2"
"1399","HOXB3"
"1400","PPT1"
"1401","STMN3"
"1402","RHOU"
"1403","BATF3"
"1404","CENPI"
"1405","MYRIP"
"1406","PTPN13"
"1407","POLA1"
"1408","SLC26A11"
"1409","RENBP"
"1410","PKN3"
"1411","SCARB1"
"1412","DYNAP"
"1413","PHF19"
"1414","IFIH1"
"1415","CAMK1"
"1416","SLC24A4"
"1417","PID1"
"1418","ITGB8"
"1419","CYP4X1"
"1420","NEDD9"
"1421","NOG"
"1422","PLOD2"
"1423","CENPP"
"1424","KIF26A"
"1425","MYO1B"
"1426","LXN"
"1427","AKR1B1"
"1428","HAGHL"
"1429","A4GALT"
"1430","HOXC6"
"1431","CADM1"
"1432","PTAFR"
"1433","TVP23A"
"1434","AK1"
"1435","TNFAIP6"
"1436","BACE2"
"1437","FGD5"
"1438","SELENBP1"
"1439","CAMK2N1"
"1440","ZBED6CL"
"1441","SLC39A8"
"1442","GSDMB"
"1443","DHH"
"1444","SUCNR1"
"1445","CCM2L"
"1446","ARL4C"
"1447","ATP1A4"
"1448","SLC43A2"
"1449","LRCH1"
"1450","ANO9"
"1451","SIRPB2"
"1452","STXBP6"
"1453","MAGEH1"
"1454","AGPAT4"
"1455","TCEA3"
"1456","KNTC1"
"1457","COL4A4"
"1458","RNASE6"
"1459","SPRY2"
"1460","TNIP3"
"1461","WDR76"
"1462","C1orf198"
"1463","PIK3IP1"
"1464","GPR137B"
"1465","PDGFC"
"1466","TMTC1"
"1467","STAP1"
"1468","KCNA3"
"1469","ETV5"
"1470","RASSF3"
"1471","FCHO2"
"1472","APPL2"
"1473","PMEL"
"1474","KRT13"
"1475","AZGP1"
"1476","ATP6V1C2"
"1477","ASPRV1"
"1478","LCE1C"
"1479","CPA4"
"1480","KRT15"
"1481","LCE1B"
"1482","LOR"
"1483","ATG9B"
"1484","SPRR5"
"1485","SPRR1B"
"1486","KRTDAP"
"1487","SLC6A14"
"1488","DUOX2"
"1489","FCHSD1"
"1490","PLA2G4D"
"1491","POSTN"
"1492","GSDMA"
"1493","LAMC2"
"1494","IL36A"
"1495","NPR2"
"1496","FBN1"
"1497","LCE3E"
"1498","KLK9"
"1499","GDA"
"1500","IGFL1"
"1501","LUM"
"1502","SERPINA3"
"1503","PSCA"
"1504","MMP2"
"1505","FBLN1"
"1506","KLK10"
"1507","ESYT3"
"1508","EPS8L1"
"1509","VCAN"
"1510","SLC15A1"
"1511","COL6A3"
"1512","RHCG"
"1513","SMPD3"
"1514","YOD1"
"1515","THY1"
"1516","COL5A2"
"1517","SRGN"
"1518","CCDC80"
"1519","LY6G6C"
"1520","S100A12"
"1521","MYBPC2"
"1522","TGM1"
"1523","FBLN2"
"1524","GPX3"
"1525","FSTL1"
"1526","COL6A1"
"1527","A2ML1"
"1528","AEBP1"
"1529","MFAP4"
"1530","IFNG"
"1531","COL14A1"
"1532","COL12A1"
"1533","CCN3"
"1534","TPM2"
"1535","CDHR1"
"1536","KLK8"
"1537","FOSB"
"1538","FBP1"
"1539","BGN"
"1540","PHLDA1"
"1541","ANXA1"
"1542","CYP24A1"
"1543","THBS2"
"1544","XBP1"
"1545","COL1A2"
"1546","DCN"
"1547","COL5A1"
"1548","PLXDC1"
"1549","EGR1"
"1550","EMP1"
"1551","SCNN1D"
"1552","PCSK2"
"1553","DNASE1L2"
"1554","RRAD"
"1555","PNCK"
"1556","SPARC"
"1557","IL32"
"1558","COL3A1"
"1559","TPM1"
"1560","MCOLN3"
"1561","ITGA2B"
"1562","C1S"
"1563","WFDC5"
"1564","MMP19"
"1565","MGAM"
"1566","CLCA4"
"1567","ADAM12"
"1568","EFNB2"
"1569","NPTX1"
"1570","C7"
"1571","PCOLCE"
"1572","SLC26A9"
"1573","ANGPTL2"
"1574","AREG"
"1575","CRISPLD2"
"1576","KRT16"
"1577","GPSM1"
"1578","EPPK1"
"1579","PLCXD1"
"1580","COL6A2"
"1581","ABCB5"
"1582","NFATC4"
"1583","TM4SF19"
"1584","PRSS8"
"1585","ZEB2"
"1586","CDH19"
"1587","IGFBP4"
"1588","PRRX1"
"1589","PLA2G4F"
"1590","APOC2"
"1591","DSC2"
"1592","LAMA4"
"1593","MXRA8"
"1594","HIST1H1C"
"1595","SPON2"
"1596","CTHRC1"
"1597","IL2"
"1598","LINC02694"
"1599","FNDC1"
"1600","TRIM63"
"1601","CPXM1"
"1602","ELF3"
"1603","EDN1"
"1604","SPON1"
"1605","NID1"
"1606","CXCR1"
"1607","NNMT"
"1608","HTRA1"
"1609","NDRG1"
"1610","OLFML2B"
"1611","SLC6A8"
"1612","LYPD5"
"1613","MUC20"
"1614","LGALSL"
"1615","MLXIPL"
"1616","FAP"
"1617","SEPTIN1"
"1618","ADAMTS2"
"1619","CEACAM3"
"1620","NTNG2"
"1621","NRG1"
"1622","VEGFA"
"1623","ELOVL4"
"1624","TNNT2"
"1625","PSORS1C2"
"1626","PXDN"
"1627","VSIG10L"
"1628","IL23R"
"1629","NEB"
"1630","PHACTR1"
"1631","IKZF3"
"1632","ACAP1"
"1633","ITGA5"
"1634","EMILIN1"
"1635","CAPN14"
"1636","TIMD4"
"1637","KLRB1"
"1638","LRRC15"
"1639","RNF39"
"1640","CHI3L2"
"1641","C1R"
"1642","TMC5"
"1643","SULT1E1"
"1644","FTL"
"1645","COL28A1"
"1646","AQP7"
"1647","PNLIPRP3"
"1648","GLB1L3"
"1649","FGF22"
"1650","PACSIN1"
"1651","FGFBP1"
"1652","CDH11"
"1653","MXRA5"
"1654","SBSPON"
"1655","DPT"
"1656","CCL1"
"1657","ATP2C2"
"1658","TREM2"
"1659","PCDH1"
"1660","SCNN1G"
"1661","CAPN8"
"1662","SKAP1"
"1663","PIF1"
"1664","SLC6A3"
"1665","CALD1"
"1666","CXCR2"
"1667","CLDN10"
"1668","KRT17"
"1669","BICDL2"
"1670","RCN3"
"1671","LY75"
"1672","PHLDB1"
"1673","ECEL1"
"1674","CP"
"1675","SERPINB3"
"1676","MYO18B"
"1677","ZNF365"
"1678","CYSRT1"
"1679","VWA1"
"1680","PDCD1"
"1681","NOS2"
"1682","STRIP2"
"1683","CES4A"
"1684","CD74"
"1685","ADAMTS14"
"1686","KLHDC7B"
"1687","CCL27"
"1688","CADPS"
"1689","PSTPIP1"
"1690","PLN"
"1691","IL33"
"1692","MMP25"
"1693","NRP2"
"1694","Z82206.1"
"1695","FKBP10"
"1696","APOC1"
"1697","CHRDL2"
"1698","GRHL1"
"1699","NLRC3"
"1700","LCK"
"1701","TNIK"
"1702","MYO16"
"1703","NRP1"
"1704","CARMIL2"
"1705","BNIP3L"
"1706","IL2RG"
"1707","CRABP2"
"1708","IL19"
"1709","LAT"
"1710","PAX3"
"1711","SERPINF1"
"1712","ABCA10"
"1713","VNN2"
"1714","RNF224"
"1715","TRGC1"
"1716","CST3"
"1717","GP1BB"
"1718","RHOB"
"1719","MS4A4E"
"1720","OR51E2"
"1721","SERPING1"
"1722","ITGB3"
"1723","ZNF117"
"1724","CLIC3"
"1725","OLFML3"
"1726","FCGRT"
"1727","SERPINB1"
"1728","CDKN1A"
"1729","RASAL3"
"1730","PLP1"
"1731","STAT4"
"1732","CD3G"
"1733","SDR9C7"
"1734","COL16A1"
"1735","MPZ"
"1736","SYTL3"
"1737","AKAP12"
"1738","BTG2"
"1739","TRAT1"
"1740","TP53AIP1"
"1741","LCNL1"
"1742","TFF3"
"1743","PMP22"
"1744","ATP6V0A2"
"1745","TRAF3IP3"
"1746","CDKN2B"
"1747","TESPA1"
"1748","SLIT1"
"1749","CLEC2D"
"1750","CDH3"
"1751","OVOL1"
"1752","PDGFRL"
"1753","DCC"
"1754","LAIR2"
"1755","PGLYRP4"
"1756","FOSL1"
"1757","GPR143"
"1758","STX3"
"1759","TMEM86A"
"1760","MYO15B"
"1761","LMO7"
"1762","CERS3"
"1763","ETS1"
"1764","IL1F10"
"1765","CXCR5"
"1766","CARD18"
"1767","CHAC1"
"1768","TRGC2"
"1769","PLXND1"
"1770","EPHA2"
"1771","APELA"
"1772","SYT8"
"1773","FBXL13"
"1774","TMEM74B"
"1775","BIRC7"
"1776","SOGA3"
"1777","PTPN22"
"1778","KIAA1324"
"1779","IKZF1"
"1780","EAF2"
"1781","TMEM158"
"1782","RASGRP1"
"1783","MAP3K9"
"1784","PPP1R1B"
"1785","ADGRE3"
"1786","LTA"
"1787","CRYBG2"
"1788","AXL"
"1789","KLF4"
"1790","GBA"
"1791","ARHGAP9"
"1792","GLT1D1"
"1793","HMMR"
"1794","HERPUD1"
"1795","NCR1"
"1796","MBOAT2"
"1797","ARC"
"1798","NUB1"
"1799","ARRDC4"
"1800","ZNF426"
"1801","FAM13C"
"1802","MC4R"
"1803","PTPRS"
"1804","PLEKHN1"
"1805","CYTIP"
"1806","FCRLB"
"1807","RND1"
"1808","TXNRD1"
"1809","FAM20C"
"1810","LIPH"
"1811","IL18RAP"
"1812","SCML4"
"1813","CR2"
"1814","ADGRA2"
"1815","HS3ST3B1"
"1816","CXCR3"
"1817","LTBP4"
"1818","SMIM35"
"1819","SEPTIN4"
"1820","FAM110C"
"1821","TMEM119"
"1822","SDC2"
"1823","TSPOAP1"
"1824","DEFB1"
"1825","SCNN1A"
"1826","NCAM1"
"1827","PLEKHS1"
"1828","BCL2"
"1829","ICAM5"
"1830","NDNF"
"1831","HRCT1"
"1832","CETP"
"1833","KLK4"
"1834","MFAP2"
"1835","SLC25A37"
"1836","RHOH"
"1837","OSBP2"
"1838","APOL1"
"1839","CFAP54"
"1840","HMCN1"
"1841","LAMC1"
"1842","ARRDC5"
"1843","PDE5A"
"1844","LPAR6"
"1845","BMP6"
"1846","BPGM"
"1847","GPR174"
"1848","CLMP"
"1849","LIMD2"
"1850","SH3RF2"
"1851","S1PR3"
"1852","TIMP2"
"1853","WWC1"
"1854","CYP19A1"
"1855","RARRES1"
"1856","GZMM"
"1857","SERPINH1"
"1858","FGFR3"
"1859","APOBEC3G"
"1860","MAP4K1"
"1861","LY6H"
"1862","SORBS2"
"1863","SIT1"
"1864","CISH"
"1865","C3AR1"
"1866","GTSE1"
"1867","PBXIP1"
"1868","CALB2"
"1869","PTPRT"
"1870","IL18"
"1871","SLAMF6"
"1872","ADGRG5"
"1873","C10orf99"
"1874","SCT"
"1875","CBLB"
"1876","SP140"
"1877","DOCK9"
"1878","SHISA2"
"1879","TSPAN7"
"1880","COL6A5"
"1881","NAV1"
"1882","SDK1"
"1883","CDH6"
"1884","TMEM45B"
"1885","TUBB2A"
"1886","RCSD1"
"1887","SCIMP"
"1888","WNK2"
"1889","NETO1"
"1890","LOXL4"
"1891","IL16"
"1892","RAB37"
"1893","CACNA1G"
"1894","TMEM106A"
"1895","MYOZ2"
"1896","CLDN7"
"1897","PIK3CD"
"1898","HIST1H2BH"
"1899","REM2"
"1900","ARHGAP15"
"1901","DCHS1"
"1902","PIK3C2G"
"1903","KIF2C"
"1904","SOSTDC1"
"1905","SEMA3C"
"1906","GDF10"
"1907","FMO3"
"1908","PSAP"
"1909","LOXL1"
"1910","PTPRC"
"1911","NTRK1"
"1912","TLDC2"
"1913","CSGALNACT1"
"1914","P2RY10"
"1915","DENND1C"
"1916","COCH"
"1917","CYP1B1"
"1918","ZFYVE28"
"1919","SUSD2"
"1920","CCL23"
"1921","SNX20"
"1922","CYBRD1"
"1923","GCA"
"1924","NOVA2"
"1925","ADH1B"
"1926","CARD11"
"1927","CD70"
"1928","KIF23"
"1929","MARCH3"
"1930","SELPLG"
"1931","SERPINB11"
"1932","CD72"
"1933","RXFP1"
"1934","SASH3"
"1935","SCN9A"
"1936","MOXD1"
"1937","PPP2R2C"
"1938","FXYD2"
"1939","MGAT4A"
"1940","DUOXA1"
"1941","IL1R1"
"1942","UBASH3A"
"1943","ANTXR1"
"1944","CPED1"
"1945","VSIG8"
"1946","CHRDL1"
"1947","DLGAP5"
"1948","IL12RB1"
"1949","ABCA2"
"1950","HHEX"
"1951","PDLIM7"
"1952","SH3D21"
"1953","GLDN"
"1954","S100A4"
"1955","ASPA"
"1956","ERICH1"
"1957","CFH"
"1958","JAK3"
"1959","CX3CL1"
"1960","ANKRD37"
"1961","MRC2"
"1962","CEACAM4"
"1963","SLA2"
"1964","CTSH"
"1965","CCDC88B"
"1966","IDE"
"1967","SPHK1"
"1968","SLFN12L"
"1969","CKLF"
"1970","CASQ2"
"1971","FZD4"
"1972","ARHGAP45"
"1973","MAP1B"
"1974","C10orf82"
"1975","NDRG4"
"1976","EIF4E3"
"1977","MCTP2"
"1978","NRK"
"1979","PTPN6"
"1980","CLEC17A"
"1981","PPP1R16B"
"1982","ERC2"
"1983","VNN1"
"1984","LAMA3"
"1985","EBF2"
"1986","OAF"
"1987","AVPR1A"
"1988","CD48"
"1989","TMEM71"
"1990","PIM1"
"1991","FILIP1L"
"1992","ASS1"
"1993","TBX21"
"1994","PTPRG"
"1995","SH2D2A"
"1996","ACSL4"
"1997","CNST"
"1998","DNAH17"
"1999","LMO3"
"2000","WFDC1"
"2001","TC2N"
"2002","MB"
"2003","ARL15"
"2004","A3GALT2"
"2005","FLNC"
"2006","GNG2"
"2007","ALDH3B2"
"2008","OGN"
"2009","FYN"
"2010","PLCXD3"
"2011","ITGA3"
"2012","BCL6"
"2013","CD300LG"
"2014","ZCCHC24"
"2015","STK17A"
"2016","FGFR1"
"2017","PNMA3"
"2018","C6orf132"
"2019","MT2A"
"2020","C12orf75"
"2021","RNF223"
"2022","KCNJ8"
"2023","KRTAP16-1"
"2024","TACR1"
"2025","CRTAC1"
"2026","C5orf46"
"2027","PRKCB"
"2028","LRRC10B"
"2029","TMPRSS11A"
"2030","MCF2L2"
"2031","RESF1"
"2032","FAM3D"
"2033","CYYR1"
"2034","HSPB7"
"2035","SLC27A3"
"2036","CRIP2"
"2037","RUBCNL"
"2038","TNFRSF17"
"2039","KCNN2"
"2040","SLC6A6"
"2041","FOXQ1"
"2042","GIMAP6"
"2043","HELLS"
"2044","NCALD"
"2045","TNNI2"
"2046","WNT3"
"2047","ADAMTS15"
"2048","AC093323.1"
"2049","CAMP"
"2050","UBL3"
"2051","KRT34"
"2052","BCAN"
"2053","TM4SF18"
"2054","MELTF"
"2055","BCL11B"
"2056","ACPP"
"2057","APBB1IP"
"2058","FGD3"
"2059","AC119396.1"
"2060","PRKCQ"
"2061","SYNPO"
"2062","CCDC88A"
"2063","CLEC2A"
"2064","SLC6A11"
"2065","AGAP2"
"2066","DPYSL3"
"2067","CFI"
"2068","MYO7B"
"2069","CERCAM"
"2070","FAM184A"
"2071","MFGE8"
"2072","PIK3R5"
"2073","AXDND1"
"2074","PLEKHO1"
"2075","COL4A5"
"2076","ABCA9"
"2077","FLT3LG"
"2078","CYB561A3"
"2079","GPRIN3"
"2080","IFNE"
"2081","LRRN3"
"2082","FKBP11"
"2083","CLDN11"
"2084","TMEM204"
"2085","IQGAP2"
"2086","KLHL4"
"2087","SLC6A1"
"2088","PCED1B"
"2089","LMO4"
"2090","IL13RA2"
"2091","ANKRD44"
"2092","GPR171"
"2093","SSC5D"
"2094","KIF21B"
"2095","CHRNA6"
"2096","FABP3"
"2097","KIF14"
"2098","GADD45B"
"2099","ERBB3"
"2100","NCKAP1L"
"2101","STK10"
"2102","PATL2"
"2103","CD244"
"2104","HES1"
"2105","TNNT1"
"2106","DUSP10"
"2107","FGFR2"
"2108","NRROS"
"2109","SLC16A3"
"2110","SMAD6"
"2111","DAPK2"
"2112","NUPR1"
"2113","IFIT3"
"2114","EPB41L3"
"2115","SCIN"
"2116","NAAA"
"2117","DOCK2"
"2118","ZNF750"
"2119","TLR4"
"2120","MYADM"
"2121","PDE4D"
"2122","PIK3R1"
"2123","PLCB1"
"2124","SLC5A1"
"2125","CREM"
"2126","KCNJ15"
"2127","UACA"
"2128","TGFBR2"
"2129","ADGRL2"
"2130","ST6GAL1"
"2131","TNFRSF13C"
"2132","PDE7A"
"2133","CAMK4"
"2134","GBP4"
"2135","NAT8L"
"2136","PFKFB2"
"2137","CTSC"
"2138","OXNAD1"
"2139","CENPW"
"2140","TRAF5"
"2141","NMU"
"2142","OAS1"
"2143","INSIG1"
"2144","LYST"
"2145","SLC22A23"
"2146","ZWINT"
"2147","BIN2"
"2148","DPYS"
"2149","GCLC"
"2150","NLGN2"
"2151","RASSF9"
"2152","RFX3"
"2153","GLI3"
"2154","PPM1H"
"2155","TRERF1"
"2156","SIRPG"
"2157","MARCH1"
"2158","PDE10A"
"2159","GPIHBP1"
"2160","RIN3"
"2161","KLHL3"
"2162","KAT2B"
"2163","ZBED2"
"2164","BTNL8"
"2165","NEDD4L"
"2166","EMB"
"2167","GASK1A"
"2168","AFF3"
"2169","KIF5C"
"2170","TLL1"
"2171","BEST1"
"2172","FAM189A2"
"2173","SLC12A7"
"2174","FERMT3"
"2175","PELO"
"2176","TMEM154"
"2177","BIN1"
"2178","AGAP1"
"2179","GIMAP2"
"2180","RORC"
"2181","GFPT2"
"2182","IPCEF1"
"2183","TTC39C"
"2184","ECM2"
"2185","SLC10A6"
"2186","RBP5"
"2187","FAM107B"
"2188","BASP1"
"2189","GBA2"
"2190","GLIPR1"
"2191","TMOD1"
"2192","PTCRA"
"2193","NEK6"
"2194","ANKRD55"
"2195","KCNE4"
"2196","LY9"
"2197","MAOB"
"2198","CAPN6"
"2199","ERG"
"2200","CACNA1C"
"2201","KIF20A"
"2202","IGFLR1"
"2203","SIGIRR"
"2204","FHOD3"
"2205","RNF227"
"2206","WNT11"
"2207","CD200R1"
"2208","GATA3"
"2209","TGFA"
"2210","NFAM1"
"2211","TBKBP1"
"2212","CEMIP2"
"2213","SLC49A3"
"2214","RNF125"
"2215","HNRNPLL"
"2216","ADAMTS7"
"2217","NDST2"
"2218","SDC4"
"2219","CYSLTR2"
"2220","ODAPH"
"2221","PTPN4"
"2222","SNAI2"
"2223","CXorf21"
"2224","EBF3"
"2225","GRAMD1A"
"2226","N4BP3"
"2227","ACACB"
"2228","DCLK2"
"2229","FIBIN"
"2230","UBE2J1"
"2231","FRY"
"2232","ZNF251"
"2233","ERO1B"
"2234","SEMA3D"
"2235","SLC8A3"
"2236","MT1X"
"2237","GLT8D2"
"2238","TIFAB"
"2239","EPHB4"
"2240","MPP7"
"2241","NINJ1"
"2242","ASGR2"
"2243","HIGD1B"
"2244","PDE3A"
"2245","HELB"
"2246","UBXN11"
"2247","TMC6"
"2248","ZNF101"
"2249","LPXN"
"2250","DPF3"
"2251","GPR141"
"2252","HOXD10"
"2253","PLEKHO2"
"2254","SLC16A1"
"2255","LYN"
"2256","DOCK8"
"2257","EMID1"
"2258","GJA1"
"2259","OSCAR"
"2260","HIST1H3G"
"2261","PCNX2"
"2262","ISG20"
"2263","GOLM1"
"2264","IL1RAP"
"2265","PCP4L1"
"2266","RAB8B"
"2267","ENDOU"
"2268","DRAXIN"
"2269","ARHGEF6"
"2270","SPACA4"
"2271","LRMP"
"2272","GPR65"
"2273","NFIX"
"2274","SLFN5"
"2275","CYP3A5"
"2276","HIP1R"
"2277","UBD"
"2278","LGR4"
"2279","GCSAM"
"2280","ATP6V0D2"
"2281","RAPGEF4"
"2282","ZNF385D"
"2283","PTN"
"2284","PLAGL1"
"2285","GAB3"
"2286","GPR155"
"2287","PADI3"
"2288","MYBL1"
"2289","ABCD2"
"2290","PNOC"
"2291","FAM110D"
"2292","CALY"
"2293","CMPK2"
"2294","LSAMP"
"2295","DIRAS3"
"2296","ULK4"
"2297","EVI2A"
"2298","TDRP"
"2299","CDO1"
"2300","CLEC4A"
"2301","CHST11"
"2302","PLCD3"
"2303","NIBAN1"
"2304","TNFRSF11A"
"2305","ARHGAP25"
"2306","DISC1"
"2307","CPM"
"2308","TGFB3"
"2309","BHLHE41"
"2310","HIST4H4"
"2311","IMMP2L"
"2312","GRAMD1B"
"2313","HGF"
"2314","CMTM2"
"2315","LILRA1"
"2316","RAB27A"
"2317","FHL5"
"2318","ZNF621"
"2319","RGMA"
"2320","SPRED1"
"2321","VSIG2"
"2322","PBX4"
"2323","ID2"
"2324","ANO8"
"2325","AHNAK2"
"2326","RASGRP3"
"2327","INKA2"
"2328","CEP72"
"2329","GASK1B"
"2330","SLCO4A1"
"2331","SLC7A2"
"2332","ICAM2"
"2333","MEF2C"
"2334","GPCPD1"
"2335","ANK2"
"2336","GCHFR"
"2337","EXOC6"
"2338","MVB12B"
"2339","SYT11"
"2340","POU3F1"
"2341","ZMAT1"
"2342","TNFSF4"
"2343","IFT43"
"2344","GPSM3"
"2345","OR51E1"
"2346","MEIS2"
"2347","DPEP2"
"2348","TIAM1"
"2349","CASP8"
"2350","NPNT"
"2351","INPP5D"
"2352","CACNA2D3"
"2353","PHTF2"
"2354","LFNG"
"2355","MAPK11"
"2356","SLC22A3"
"2357","GIMAP5"
"2358","OAS2"
"2359","ST6GALNAC3"
"2360","SEMA4D"
"2361","MAPK10"
"2362","CD86"
"2363","MPPED2"
"2364","RILPL2"
"2365","FMNL2"
"2366","PDE4B"
"2367","TSPAN15"
"2368","TTYH3"
"2369","COL21A1"
"2370","ARRB1"
"2371","RALGPS1"
"2372","ODF3B"
"2373","P2RX7"
"2374","GPR68"
"2375","SP110"
"2376","AC091057.6"
"2377","DNM3"
"2378","KCNN3"
"2379","LRMDA"
"2380","GAS7"
"2381","TSPAN32"
"2382","TMPRSS3"
"2383","IGSF9"
"2384","GPM6B"
"2385","BAG2"
"2386","DCUN1D3"
"2387","FAM107A"
"2388","GBP2"
"2389","AMOTL2"
"2390","MICALL2"
"2391","EHD1"
"2392","MKNK1"
"2393","PRDM16"
"2394","LRRC25"
"2395","PPM1M"
"2396","RAB11FIP1"
"2397","FAM241A"
"2398","SCARF2"
"2399","ZNRF1"
"2400","CEP85L"
"2401","PDE4C"
"2402","WTIP"
"2403","FCHSD2"
"2404","CDK14"
"2405","TNFRSF6B"
"2406","SHF"
"2407","NFATC1"
"2408","GLI4"
"2409","FHL2"
"2410","GALNT16"
"2411","PDGFD"
"2412","COL22A1"
"2413","NFIL3"
"2414","FAAH2"
"2415","USP53"
"2416","CDC14A"
"2417","TSPAN4"
"2418","BICDL1"
"2419","KLF3"
"2420","RASSF10"
"2421","PLXNA2"
"2422","DENND2D"
"2423","PTPRJ"
"2424","HDAC8"
"2425","LY86"
"2426","C9orf72"
"2427","DENND2A"
"2428","SH2D3C"
"2429","PREX1"
"2430","JMY"
"2431","CERS6"
"2432","SLC4A7"
"2433","CCNF"
"2434","CROCC"
"2435","ST6GALNAC6"
"2436","TWIST1"
"2437","FAM49A"
"2438","MICAL2"
"2439","GFRA2"
"2440","GLI2"
"2441","CAPS"
"2442","RTN1"
"2443","NINL"
"2444","TXK"
"2445","ADAMTS5"
"2446","COL24A1"
"2447","TTK"
"2448","BBC3"
"2449","CDCA3"
"2450","AP2A2"
"2451","CHST2"
"2452","HYAL4"
"2453","ACSL5"
"2454","ZSCAN31"
"2455","MLC1"
"2456","TMEM44"
"2457","PDLIM5"
"2458","ME1"
"2459","CHAD"
"2460","ZSCAN2"
"2461","SCN1B"
"2462","CCND3"
"2463","MACC1"
"2464","DCLK1"
"2465","RECQL4"
"2466","CILP2"
"2467","EPHA1"
"2468","CNTRL"
"2469","PPP1R3B"
"2470","KIAA1328"
"2471","SLC7A1"
"2472","SIGLEC9"
"2473","EPB41L2"
"2474","C18orf25"
"2475","NKD1"
"2476","P2RY2"
"2477","TENT5A"
"2478","HVCN1"
"2479","KMO"
"2480","KIF13B"
"2481","CLSTN3"
"2482","ANO1"
"2483","CEP295NL"
"2484","RAD54L"
"2485","APOL2"
"2486","CCDC88C"
"2487","CSGALNACT2"
"2488","VWC2"
"2489","GSAP"
"2490","HR"
"2491","SPATA13"
"2492","TPST1"
"2493","POU2F3"
"2494","PFKM"
"2495","MBP"
"2496","ARAP3"
"2497","IL11RA"
"2498","FAT4"
"2499","PRKCH"
"2500","DNAJB9"
"2501","PABPC4L"
"2502","ZNF436"
"2503","ABLIM2"
"2504","FABP6"
"2505","PARP8"
"2506","GRIP2"
"2507","PPARG"
"2508","THBS3"
"2509","ASAP2"
"2510","FAM111B"
"2511","UBE2C"
"2512","ALKAL2"
"2513","TBC1D16"
"2514","ELMO1"
"2515","C1QTNF6"
"2516","TGFBR3"
"2517","RAPGEF6"
"2518","MID1"
"2519","SMCHD1"
"2520","CD53"
"2521","KIAA0895L"
"2522","ARID5A"
"2523","DEDD2"
"2524","HOMER3"
"2525","ZNF567"
"2526","TSPAN18"
"2527","ADORA2A"
"2528","SLC25A25"
"2529","PGAM2"
"2530","ZDHHC18"
"2531","SLC19A2"
"2532","CDK18"
"2533","IER5"
"2534","CCDC69"
"2535","SLC1A4"
"2536","MXRA7"
"2537","BCL2L11"
"2538","SEPTIN6"
"2539","PLSCR4"
"2540","TEDC1"
"2541","SH3KBP1"
"2542","DDTL"
"2543","MAPKAPK3"
"2544","SCAF4"
"2545","TOX2"
"2546","LEPR"
"2547","CCNG2"
"2548","C9orf16"
"2549","CKAP2L"
"2550","GUCY1B1"
"2551","TM6SF1"
"2552","PER1"
"2553","PCYOX1L"
"2554","VLDLR"
"2555","DNASE2"
"2556","LDLR"
"2557","DOK3"
"2558","NOD1"
"2559","RNF130"
"2560","PLA2G5"
"2561","TANGO2"
"2562","JADE2"
"2563","FRMD4A"
"2564","CADPS2"
"2565","TRAM2"
"2566","USP2"
"2567","ADAMTSL3"
"2568","JAM3"
"2569","BCAR1"
"2570","ZSCAN26"
"2571","ANKRD65"
"2572","HEXIM1"
"2573","STRA6"
"2574","DENND10"
"2575","ABHD11"
"2576","ANP32E"
"2577","PLIN1"
"2578","IGKC"
"2579","IGLC7"
"2580","KRT9"
"2581","FOS"
"2582","CSTA"
"2583","STS"
"2584","GPD1"
"2585","MUC21"
"2586","IL11"
"2587","NEURL2"
"2588","CST6"
"2589","COL1A1"
"2590","IL23A"
"2591","KRT6B"
"2592","GJB2"
"2593","RNASE13"
"2594","IGHE"
"2595","AGR2"
"2596","SPRR4"
"2597","CA4"
"2598","WFDC2"
"2599","CTSV"
"2600","CORO1A"
"2601","CALML3"
"2602","MUC16"
"2603","KRT6A"
"2604","DST"
"2605","LCN6"
"2606","KLK11"
"2607","KRT72"
"2608","GDF15"
"2609","IVNS1ABP"
"2610","DDIT4"
"2611","SLC46A2"
"2612","LPIN1"
"2613","KRT7"
"2614","SDCBP2"
"2615","LTK"
"2616","SPINK6"
"2617","SSR4"
"2618","GRIN1"
"2619","IL36B"
"2620","CNNM4"
"2621","FUT3"
"2622","EPN3"
"2623","IGFL4"
"2624","INSC"
"2625","ABHD17B"
"2626","SYT6"
"2627","KIR2DL4"
"2628","SCART1"
"2629","FOXC2"
"2630","PLEKHG5"
"2631","FFAR1"
"2632","PPL"
"2633","TNN"
"2634","COL6A6"
"2635","SLC19A3"
"2636","PKD2L1"
"2637","IFI27"
"2638","ID1"
"2639","ZNF185"
"2640","GCNT3"
"2641","GAL"
"2642","C16orf89"
"2643","TNFRSF10C"
"2644","ADARB2"
"2645","SLITRK2"
"2646","RBP4"
"2647","NMUR1"
"2648","SLC25A48"
"2649","STK17B"
"2650","HIF3A"
"2651","SLC6A17"
"2652","TMEM40"
"2653","CD24"
"2654","LITAF"
"2655","TNNC1"
"2656","TTC9"
"2657","XDH"
"2658","SLC12A8"
"2659","EVPL"
"2660","PPP1R1A"
"2661","MAB21L4"
"2662","NPY1R"
"2663","DUSP14"
"2664","AGT"
"2665","AVPI1"
"2666","CHRNA9"
"2667","TCN1"
"2668","LRATD2"
"2669","HTR6"
"2670","EPHB3"
"2671","DHDH"
"2672","MYOM2"
"2673","FXYD7"
"2674","ITGA6"
"2675","LIMCH1"
"2676","TIMP4"
"2677","DNAJB1"
"2678","IL20"
"2679","C15orf62"
"2680","PLPP1"
"2681","SLC16A10"
"2682","ANGPTL4"
"2683","OTOF"
"2684","TRPV3"
"2685","ODC1"
"2686","C1orf61"
"2687","DGKB"
"2688","TNS4"
"2689","LRATD1"
"2690","AC099489.1"
"2691","CITED4"
"2692","KLRF1"
"2693","KREMEN2"
"2694","OR52N4"
"2695","SLC2A1"
"2696","TRGJP2"
"2697","ADGRB1"
"2698","TCP11L2"
"2699","HRH4"
"2700","LAMB1"
"2701","PNMT"
"2702","COL19A1"
"2703","CNR2"
"2704","SPINK2"
"2705","SERPINA12"
"2706","SPIC"
"2707","PPP1R12B"
"2708","ALDH3A1"
"2709","GRIK1"
"2710","AKR1C2"
"2711","FGF9"
"2712","GFRA3"
"2713","GSN"
"2714","LAMB4"
"2715","SIGLEC5"
"2716","ZDHHC13"
"2717","SYNPO2L"
"2718","SCUBE1"
"2719","RASGEF1C"
"2720","GPR37L1"
"2721","QSOX1"
"2722","SALL3"
"2723","CCL16"
"2724","PLAAT2"
"2725","TOB1"
"2726","PLA2G3"
"2727","CLEC4E"
"2728","PITX1"
"2729","GPR182"
"2730","RAC2"
"2731","CDX1"
"2732","AQP3"
"2733","RNF157"
"2734","ALS2CL"
"2735","ITPR2"
"2736","COL26A1"
"2737","PDZK1IP1"
"2738","FAM83D"
"2739","RDH13"
"2740","FOLH1"
"2741","GPAT3"
"2742","PRDM8"
"2743","C1orf116"
"2744","GPR18"
"2745","CRACR2B"
"2746","NOS3"
"2747","NR5A2"
"2748","LIPE"
"2749","FERMT1"
"2750","SLC14A1"
"2751","RCAN2"
"2752","S100A5"
"2753","MEGF6"
"2754","TMPRSS11F"
"2755","MAFF"
"2756","SLC34A3"
"2757","MACO1"
"2758","RBP7"
"2759","FMNL1"
"2760","ABHD17C"
"2761","TUFT1"
"2762","EDNRA"
"2763","NLRP6"
"2764","PTPRR"
"2765","CCNB1"
"2766","MMP14"
"2767","RASGEF1A"
"2768","MYB"
"2769","GLB1L2"
"2770","PTCH2"
"2771","SMIM6"
"2772","SAMHD1"
"2773","NECTIN4"
"2774","HSD11B1"
"2775","ATP10B"
"2776","NREP"
"2777","SULF2"
"2778","PLK2"
"2779","SPTB"
"2780","CASP5"
"2781","RNF144B"
"2782","CLDND2"
"2783","COL10A1"
"2784","MYO5B"
"2785","MAPK4"
"2786","PTPRZ1"
"2787","SLITRK5"
"2788","RHCE"
"2789","PTGER3"
"2790","NEURL3"
"2791","CYFIP2"
"2792","ELF5"
"2793","HAMP"
"2794","MEDAG"
"2795","MFSD12"
"2796","PNPLA3"
"2797","LRRC4B"
"2798","DIO3"
"2799","NLRC5"
"2800","CABP4"
"2801","IL12RB2"
"2802","AKR1B10"
"2803","RTP5"
"2804","PDZRN4"
"2805","KLRF2"
"2806","ELFN2"
"2807","DUSP16"
"2808","SAMD9"
"2809","FBXO45"
"2810","TGM5"
"2811","CPAMD8"
"2812","KIF19"
"2813","TCN2"
"2814","SLC4A4"
"2815","ALDH1A2"
"2816","SULT1B1"
"2817","SEMA3A"
"2818","CHST15"
"2819","CLEC12A"
"2820","CCDC158"
"2821","ITPR1"
"2822","CCL28"
"2823","DEUP1"
"2824","HIST1H2AG"
"2825","MAL2"
"2826","BTC"
"2827","LEFTY1"
"2828","C3orf20"
"2829","BMPER"
"2830","PDE1C"
"2831","F2RL3"
"2832","PTPN3"
"2833","CEND1"
"2834","AMPD1"
"2835","LHX2"
"2836","ESRRB"
"2837","SDR16C5"
"2838","DAB1"
"2839","PCDH9"
"2840","HAO2"
"2841","COL4A3"
"2842","MTSS1"
"2843","TP53BP2"
"2844","B3GALT2"
"2845","NFKBIA"
"2846","EVI2B"
"2847","LRRC26"
"2848","NSG1"
"2849","CLEC3B"
"2850","GRHL2"
"2851","DLX1"
"2852","SRPK3"
"2853","SULT1C2"
"2854","TRGJP1"
"2855","BCAS4"
"2856","NDC80"
"2857","PLCXD2"
"2858","NLRP12"
"2859","NRGN"
"2860","CAVIN1"
"2861","CDH26"
"2862","FAM162B"
"2863","GDNF"
"2864","ENTHD1"
"2865","CCDC136"
"2866","PRSS45P"
"2867","JAKMIP2"
"2868","ADRA1B"
"2869","ACER1"
"2870","TMPRSS13"
"2871","DOCK10"
"2872","LY96"
"2873","GP6"
"2874","ASB16"
"2875","F2RL2"
"2876","IRF1"
"2877","CEP55"
"2878","CCNB2"
"2879","FILIP1"
"2880","RASGRP4"
"2881","C10orf90"
"2882","TFRC"
"2883","ETV3"
"2884","NT5C3A"
"2885","CMTM3"
"2886","C4BPB"
"2887","MAFA"
"2888","UGCG"
"2889","KCNK17"
"2890","C1orf189"
"2891","FAM83F"
"2892","RASD1"
"2893","CXorf65"
"2894","COLGALT2"
"2895","PEG10"
"2896","KIF2A"
"2897","NR2F1"
"2898","CREB3L1"
"2899","KIF18B"
"2900","DACT1"
"2901","SEC14L6"
"2902","TRIM17"
"2903","CD300LB"
"2904","NKAIN3"
"2905","F10"
"2906","PHYHIP"
"2907","NEK2"
"2908","NPTX2"
"2909","LAYN"
"2910","SGK1"
"2911","TMPRSS6"
"2912","CYP27A1"
"2913","DEFB124"
"2914","LAMB2"
"2915","CREB5"
"2916","FHDC1"
"2917","RAP2B"
"2918","MUC15"
"2919","MFSD2B"
"2920","PMEPA1"
"2921","REL"
"2922","NAV3"
"2923","KLF12"
"2924","BMP2K"
"2925","TLR1"
"2926","KIF26B"
"2927","AFF2"
"2928","OAS3"
"2929","ADAT2"
"2930","HSP90B1"
"2931","GCGR"
"2932","NT5E"
"2933","PITPNM2"
"2934","DIPK1C"
"2935","UBXN10"
"2936","EDA"
"2937","ADAMTS3"
"2938","ANXA6"
"2939","MFSD6L"
"2940","RNF152"
"2941","COL9A2"
"2942","PHC1"
"2943","PLAAT5"
"2944","PHEX"
"2945","MYZAP"
"2946","ZFAND2A"
"2947","C1orf54"
"2948","SLC3A1"
"2949","BMP8A"
"2950","ATP1A2"
"2951","HMGA2"
"2952","DEF6"
"2953","PAPPA2"
"2954","SYCP2"
"2955","KY"
"2956","EDIL3"
"2957","PXN"
"2958","SH3BP5"
"2959","KANK4"
"2960","KCTD7"
"2961","KLHL31"
"2962","RHOD"
"2963","C6orf141"
"2964","MYCT1"
"2965","SLC5A10"
"2966","CACNA1E"
"2967","HDAC3"
"2968","CDCA2"
"2969","ATP1B1"
"2970","PEAK1"
"2971","ITPKB"
"2972","PALMD"
"2973","GUCY1A1"
"2974","CLECL1"
"2975","LRP1"
"2976","TMEM37"
"2977","P2RX6"
"2978","PCSK9"
"2979","SERPINB5"
"2980","CWH43"
"2981","GAS2L2"
"2982","TCTEX1D2"
"2983","EMILIN3"
"2984","FMOD"
"2985","LTC4S"
"2986","ESRRG"
"2987","BMP4"
"2988","FAM118A"
"2989","TMEM156"
"2990","PKIB"
"2991","CCND1"
"2992","ABCB1"
"2993","NGFR"
"2994","LIN7A"
"2995","ANGPTL6"
"2996","CSMD2"
"2997","ALCAM"
"2998","PLEKHF1"
"2999","TCF4"
"3000","PLEKHG6"
"3001","TMEM80"
"3002","TRPS1"
"3003","SLC4A11"
"3004","SLC5A3"
"3005","ICAM4"
"3006","LRP8"
"3007","ADCY3"
"3008","GMPR"
"3009","AFAP1L2"
"3010","TBC1D1"
"3011","BUB1"
"3012","GREM2"
"3013","ESRP2"
"3014","TMEM273"
"3015","DOCK11"
"3016","CARNS1"
"3017","GFI1"
"3018","XAF1"
"3019","CACNA2D4"
"3020","SMOX"
"3021","ULK1"
"3022","P2RY11"
"3023","AKT1S1"
"3024","ANTXR2"
"3025","STAMBPL1"
"3026","MYOCD"
"3027","FGD4"
"3028","GPX2"
"3029","JPH4"
"3030","EPCAM"
"3031","PRKAR2B"
"3032","DGKG"
"3033","MKRN3"
"3034","TSPAN13"
"3035","TOX"
"3036","RAB3B"
"3037","CLEC2B"
"3038","SMAP2"
"3039","OSMR"
"3040","MAPRE2"
"3041","PDE1A"
"3042","RNF135"
"3043","GPR20"
"3044","GFRA1"
"3045","ANK3"
"3046","GFOD1"
"3047","INCENP"
"3048","GTF2IRD1"
"3049","PRSS12"
"3050","TGFB1I1"
"3051","DRAM1"
"3052","RASL12"
"3053","ACOT7"
"3054","CYP4F3"
"3055","GMIP"
"3056","COX7A1"
"3057","ERLEC1"
"3058","RASAL1"
"3059","SPAG5"
"3060","SNAP25"
"3061","HSPA5"
"3062","RGL4"
"3063","PCSK1N"
"3064","PTGDR2"
"3065","ERICH2"
"3066","FADS2"
"3067","TMEM79"
"3068","BEST2"
"3069","PCDHA10"
"3070","PSD4"
"3071","MAPK12"
"3072","PDLIM3"
"3073","POTEM"
"3074","VGLL3"
"3075","GATA6"
"3076","CDC42BPG"
"3077","RUNX1T1"
"3078","RHOV"
"3079","ZFP90"
"3080","AHCYL2"
"3081","EVC"
"3082","GPC1"
"3083","EHD2"
"3084","MCM2"
"3085","TSPYL2"
"3086","SLC17A9"
"3087","FURIN"
"3088","CNNM2"
"3089","C2orf91"
"3090","CPEB2"
"3091","HS6ST1"
"3092","FMNL3"
"3093","HIST3H2A"
"3094","VWDE"
"3095","RHOQ"
"3096","CCER2"
"3097","VENTX"
"3098","MAP3K14"
"3099","CCN4"
"3100","TSHZ3"
"3101","DSE"
"3102","VIP"
"3103","EFCC1"
"3104","KIRREL1"
"3105","RASA3"
"3106","POPDC2"
"3107","FAM124B"
"3108","MACROD2"
"3109","TTLL7"
"3110","FSD1"
"3111","RSPO3"
"3112","CCDC50"
"3113","PPP2R2B"
"3114","ECE1"
"3115","NFKBIZ"
"3116","PGR"
"3117","FOXD2"
"3118","CCRL2"
"3119","CTNNAL1"
"3120","P4HA2"
"3121","SOCS5"
"3122","GRIA1"
"3123","COX6B2"
"3124","CAMK1G"
"3125","IKBKE"
"3126","WSCD1"
"3127","FCRLA"
"3128","HPSE2"
"3129","ZNF606"
"3130","ZGRF1"
"3131","PPP4R4"
"3132","CCDC9B"
"3133","TPRG1"
"3134","EYA1"
"3135","EEPD1"
"3136","NUP210"
"3137","BDKRB2"
"3138","MCOLN1"
"3139","CEP250"
"3140","EFNB1"
"3141","ZSWIM9"
"3142","ADH1A"
"3143","EPHB1"
"3144","LGI2"
"3145","NRXN2"
"3146","PRKCD"
"3147","SNTB1"
"3148","SVIL"
"3149","IRX4"
"3150","APOBEC3C"
"3151","ARHGAP30"
"3152","GMFG"
"3153","STAT1"
"3154","CDH2"
"3155","DDIT4L"
"3156","CEP70"
"3157","SLC4A3"
"3158","PAM"
"3159","AGER"
"3160","GIMAP1"
"3161","ERMN"
"3162","P4HA1"
"3163","NCAPG2"
"3164","SPTSSA"
"3165","MPZL2"
"3166","SUSD3"
"3167","TSC22D1"
"3168","GNRHR"
"3169","P2RY8"
"3170","TNFSF8"
"3171","MFNG"
"3172","PLPP5"
"3173","PPFIBP2"
"3174","ARHGAP33"
"3175","CARD14"
"3176","RASD2"
"3177","ATP8B2"
"3178","TTBK1"
"3179","PPP2R1B"
"3180","LARGE2"
"3181","AHRR"
"3182","VIPR2"
"3183","DEC1"
"3184","KRT86"
"3185","NAV2"
"3186","KHDRBS2"
"3187","LMNB1"
"3188","ICAM3"
"3189","SLC18B1"
"3190","EDAR"
"3191","AHR"
"3192","OVOL2"
"3193","PLB1"
"3194","SEMA5A"
"3195","P4HA3"
"3196","ZNF75A"
"3197","SPATC1"
"3198","RBP1"
"3199","L3MBTL4"
"3200","WAS"
"3201","RIPOR1"
"3202","ZNF568"
"3203","NTM"
"3204","PAQR5"
"3205","DEPDC1"
"3206","TRIM5"
"3207","CDT1"
"3208","LRFN4"
"3209","CSRNP1"
"3210","SNX21"
"3211","RGS14"
"3212","CD276"
"3213","MSI2"
"3214","IGF2BP3"
"3215","CMTM1"
"3216","PARP14"
"3217","OSR1"
"3218","EHD3"
"3219","MELK"
"3220","RPGR"
"3221","TBX3"
"3222","ARHGEF26"
"3223","SLC5A5"
"3224","SYNGR3"
"3225","SHISA8"
"3226","LRRN1"
"3227","PKD1L1"
"3228","PTPRO"
"3229","HIST1H3H"
"3230","GPR4"
"3231","FARP1"
"3232","KIF18A"
"3233","PLA2G6"
"3234","GCNT2"
"3235","STON2"
"3236","SLC31A2"
"3237","MSRA"
"3238","SLC25A45"
"3239","ANXA3"
"3240","SNTB2"
"3241","EFNA5"
"3242","FES"
"3243","FAM110B"
"3244","SNCB"
"3245","CHPF"
"3246","HIST1H1E"
"3247","PLA2G4C"
"3248","ARHGAP27"
"3249","DBN1"
"3250","GALC"
"3251","C1orf21"
"3252","KCND2"
"3253","BTN3A1"
"3254","FAS"
"3255","LGALS9"
"3256","ISYNA1"
"3257","DDHD1"
"3258","EXPH5"
"3259","FGF10"
"3260","KLHL33"
"3261","DAAM1"
"3262","SPIRE2"
"3263","SESN3"
"3264","EPHX3"
"3265","TIMM8A"
"3266","HID1"
"3267","PITPNC1"
"3268","SIPA1"
"3269","FCGR1B"
"3270","VSNL1"
"3271","FER"
"3272","CHN1"
"3273","WLS"
"3274","MKNK2"
"3275","AACS"
"3276","PLEKHA7"
"3277","POLQ"
"3278","SHISAL2A"
"3279","STARD5"
"3280","RAB15"
"3281","UVRAG"
"3282","CAMSAP3"
"3283","GFOD2"
"3284","MSANTD2"
"3285","ALPK2"
"3286","AASS"
"3287","GSTA4"
"3288","TSPAN9"
"3289","PCLAF"
"3290","IRAK3"
"3291","TCAP"
"3292","HOXC8"
"3293","MTERF4"
"3294","TESC"
"3295","RNF19B"
"3296","ASMT"
"3297","MAGI1"
"3298","SLC2A13"
"3299","BHMT2"
"3300","PLD1"
"3301","TUBB4B"
"3302","HELZ2"
"3303","PFN2"
"3304","HACD1"
"3305","ADAMTS8"
"3306","TMEM263"
"3307","SLC2A9"
"3308","FMO1"
"3309","HLX"
"3310","IL17B"
"3311","STK38L"
"3312","MICAL3"
"3313","MVK"
"3314","DDX58"
"3315","SHB"
"3316","EVA1C"
"3317","SPIN4"
"3318","ZNF483"
"3319","EPB41L1"
"3320","SGPP1"
"3321","HEMK1"
"3322","HSD17B11"
"3323","FOXN1"
"3324","SLC1A2"
"3325","JARID2"
"3326","CBX4"
"3327","FBF1"
"3328","GPR35"
"3329","S1PR4"
"3330","TRDMT1"
"3331","GDPD5"
"3332","ST3GAL2"
"3333","GAPT"
"3334","CLCA2"
"3335","SECTM1"
"3336","PCDHB16"
"3337","MED18"
"3338","DDX60"
"3339","PRSS35"
"3340","RAB3IL1"
"3341","WDR17"
"3342","LRIG1"
"3343","FAM219A"
"3344","CORO7"
"3345","LRRC2"
"3346","BDH1"
"3347","MTHFD1L"
"3348","ERP27"
"3349","FUT8"
"3350","FJX1"
"3351","TTC39A"
"3352","GNGT2"
"3353","SOWAHA"
"3354","SH2B2"
"3355","CCDC85C"
"3356","SLC39A14"
"3357","MAST4"
"3358","NOD2"
"3359","HSPH1"
"3360","ARHGAP44"
"3361","DHRS3"
"3362","GPR156"
"3363","TRAF4"
"3364","ZEB1"
"3365","CKAP2"
"3366","PIP4K2A"
"3367","HECTD2"
"3368","CEP68"
"3369","RBMS3"
"3370","CARD16"
"3371","AKAP7"
"3372","C1orf112"
"3373","GRIK2"
"3374","MAN2B1"
"3375","BAIAP2L1"
"3376","PYGM"
"3377","FAM3B"
"3378","ABTB1"
"3379","PTGR1"
"3380","USP20"
"3381","RCBTB2"
"3382","KCNH3"
"3383","SEC14L2"
"3384","TMEM51"
"3385","CDH4"
"3386","USP6NL"
"3387","RCCD1"
"3388","GATM"
"3389","AKAP5"
"3390","EPB41"
"3391","LYPD6B"
"3392","ICA1"
"3393","SERPINA5"
"3394","LIG4"
"3395","KCNAB1"
"3396","RAP1GAP2"
"3397","ST3GAL6"
"3398","JAK2"
"3399","PTK7"
"3400","MCM6"
"3401","SPTBN2"
"3402","TTC39B"
"3403","HOXB4"
"3404","FBLN7"
"3405","HTR1D"
"3406","BCOR"
"3407","ACSS1"
"3408","LRRK1"
"3409","SLC29A3"
"3410","TGFB2"
"3411","RNF165"
"3412","ZFP3"
"3413","GAS2L3"
"3414","BMP7"
"3415","HABP4"
"3416","CCDC85B"
"3417","MAP1LC3B"
"3418","RHOBTB3"
"3419","ANXA2R"
"3420","TDP2"
"3421","MAML3"
"3422","KCTD13"
"3423","SIGLEC7"
"3424","IL27RA"
"3425","JAZF1"
"3426","AC073111.4"
"3427","TTLL9"
"3428","CDC42SE2"
"3429","RARA"
"3430","RFLNB"
"3431","ETV1"
"3432","MRTFB"
"3433","OGFRL1"
"3434","RUSC2"
"3435","PVR"
"3436","SLC9A9"
"3437","NAB2"
"3438","SCLT1"
"3439","KCNIP2"
"3440","KCNA5"
"3441","UNC5C"
"3442","KIAA0040"
"3443","DENND5B"
"3444","PNMA1"
"3445","PRKCE"
"3446","DTX3"
"3447","CTRC"
"3448","UGDH"
"3449","BRSK1"
"3450","RPA4"
"3451","DMTN"
"3452","TEKT2"
"3453","TP73"
"3454","LINS1"
"3455","RNASET2"
"3456","ARHGAP31"
"3457","SAMD4A"
"3458","DTX4"
"3459","GLYCTK"
"3460","SDF2L1"
"3461","STK39"
"3462","MARC1"
"3463","SPSB1"
"3464","ERCC6"
"3465","TEAD4"
"3466","TTF2"
"3467","MARCH2"
"3468","CNTN3"
"3469","TRANK1"
"3470","PGM3"
"3471","POU5F2"
"3472","ME3"
"3473","ESRRA"
"3474","ARSI"
"3475","UBE2L6"
"3476","VAV2"
"3477","DPH6"
"3478","SGTB"
"3479","CDKL5"
"3480","ST3GAL1"
"3481","SNRNP25"
"3482","SNX9"
"3483","DDR2"
"3484","INTS4"
"3485","TRMO"
"3486","SOBP"
"3487","SAP25"
"3488","SHOX2"
"3489","EFS"
"3490","BRF1"
"3491","KRT14"
"3492","CEL"
"3493","PKP1"
"3494","TSPAN1"
"3495","CSTB"
"3496","VIPR1"
"3497","GLUL"
"3498","CA3"
"3499","MAP1LC3A"
"3500","DUSP1"
"3501","ELOVL2"
"3502","C1orf74"
"3503","LINGO4"
"3504","S100A2"
"3505","LSP1"
"3506","LTB4R"
"3507","GSDMC"
"3508","HRC"
"3509","BLMH"
"3510","TMEM238L"
"3511","CYP4Z1"
"3512","SOX8"
"3513","AKNA"
"3514","CENPT"
"3515","CYP4F2"
"3516","KLHL14"
"3517","DRP2"
"3518","EID3"
"3519","DMBT1"
"3520","SLITRK6"
"3521","MPO"
"3522","SCN4A"
"3523","ARHGDIB"
"3524","ESPNL"
"3525","ITIH1"
"3526","HIST1H2BB"
"3527","C2CD4A"
"3528","PDZD3"
"3529","PHLDA2"
"3530","FCN3"
"3531","KCNH8"
"3532","ZNF681"
"3533","KLHL41"
"3534","MYH14"
"3535","SPEGNB"
"3536","KCNT2"
"3537","MYO6"
"3538","DDN"
"3539","TNFRSF25"
"3540","PHF24"
"3541","PTPRH"
"3542","WNK4"
"3543","TRIM50"
"3544","ZNF648"
"3545","OCLN"
"3546","CAPG"
"3547","CDA"
"3548","CDKL2"
"3549","ITGB4"
"3550","ABLIM3"
"3551","JAG1"
"3552","THEM5"
"3553","GTSF1L"
"3554","ZNF165"
"3555","OLIG1"
"3556","DTX1"
"3557","ABHD5"
"3558","PLEKHB1"
"3559","SIM2"
"3560","HAS1"
"3561","NYAP2"
"3562","CDH22"
"3563","GATA1"
"3564","CPNE7"
"3565","SLC26A4"
"3566","UPK1A"
"3567","SCUBE3"
"3568","PCDHA6"
"3569","MICAL1"
"3570","PENK"
"3571","PXDNL"
"3572","EPS8L2"
"3573","FOXD4L5"
"3574","RAD51AP2"
"3575","TUBA1C"
"3576","GNG4"
"3577","TTC16"
"3578","SLCO1C1"
"3579","PRTG"
"3580","CRHBP"
"3581","GREB1"
"3582","HAP1"
"3583","ARNTL2"
"3584","ACTN3"
"3585","FAM83E"
"3586","GABRD"
"3587","PLD3"
"3588","ITGA10"
"3589","PDE6G"
"3590","CSNK2A2"
"3591","ASIC4"
"3592","B3GAT1"
"3593","DNAH8"
"3594","NPAS4"
"3595","EEF1A2"
"3596","PABPN1L"
"3597","FTH1"
"3598","TM7SF2"
"3599","PRAM1"
"3600","DNLZ"
"3601","FAT2"
"3602","CXCL17"
"3603","PTPN5"
"3604","TMPRSS4"
"3605","RGS22"
"3606","JPH3"
"3607","STX4"
"3608","C4orf50"
"3609","CELF2"
"3610","RAMP1"
"3611","TIGD4"
"3612","SLC44A4"
"3613","LY6D"
"3614","ANKRD30BL"
"3615","GPC3"
"3616","LILRA2"
"3617","NTN3"
"3618","DMRT3"
"3619","BEST4"
"3620","CABP1"
"3621","SCN3A"
"3622","SLC6A15"
"3623","GRB7"
"3624","HTRA4"
"3625","SLC26A7"
"3626","ARL14"
"3627","CACNA1I"
"3628","PLEKHD1"
"3629","HKDC1"
"3630","CKS2"
"3631","TACSTD2"
"3632","ACY3"
"3633","TRPM3"
"3634","UTS2"
"3635","RAET1E"
"3636","GSTM3"
"3637","FLRT2"
"3638","IL20RB"
"3639","TRIM72"
"3640","TJP3"
"3641","CYP26C1"
"3642","C12orf74"
"3643","PPFIBP1"
"3644","GRAMD1C"
"3645","EVL"
"3646","CDHR4"
"3647","SYNDIG1L"
"3648","CYP4F11"
"3649","ZC3H12A"
"3650","ADAM15"
"3651","TAF7L"
"3652","TINF2"
"3653","AKR1C3"
"3654","HMGCR"
"3655","GPR162"
"3656","IL17RB"
"3657","DPYD"
"3658","BARX2"
"3659","PCDHA12"
"3660","INSRR"
"3661","FER1L6"
"3662","PRSS36"
"3663","KDM6B"
"3664","CLSTN2"
"3665","LNX1"
"3666","MAF"
"3667","PPEF2"
"3668","SYNE3"
"3669","C8orf89"
"3670","ECRG4"
"3671","CBARP"
"3672","IRF6"
"3673","TTLL10"
"3674","FFAR4"
"3675","JPH2"
"3676","PLBD1"
"3677","STARD4"
"3678","TENM1"
"3679","SLC27A2"
"3680","ADCY7"
"3681","C17orf67"
"3682","MDK"
"3683","CRMP1"
"3684","CYS1"
"3685","C4orf19"
"3686","AATK"
"3687","RAB38"
"3688","DLGAP2"
"3689","SNTG1"
"3690","ATF5"
"3691","ADGRD1"
"3692","MAP2K3"
"3693","CEBPE"
"3694","PFKFB4"
"3695","NAALADL2"
"3696","ZFAT"
"3697","FRMPD1"
"3698","DLGAP1"
"3699","MUSTN1"
"3700","ALOX15B"
"3701","NCKAP5"
"3702","TUBA4A"
"3703","CLEC18C"
"3704","TRPA1"
"3705","VAX2"
"3706","IGFL2"
"3707","GRPR"
"3708","ACSL6"
"3709","NLRC4"
"3710","OGDHL"
"3711","PCDHA7"
"3712","OR52B2"
"3713","ST3GAL4"
"3714","TMEM95"
"3715","NR3C2"
"3716","PARD6B"
"3717","ZFP36"
"3718","NKX3-1"
"3719","RNF180"
"3720","GRIN3A"
"3721","TRIM22"
"3722","C10orf55"
"3723","MAP2"
"3724","ACOT12"
"3725","ECT2"
"3726","GPR25"
"3727","KCNG1"
"3728","NMNAT2"
"3729","HEATR4"
"3730","FAM183A"
"3731","CDH1"
"3732","SLC25A53"
"3733","HLF"
"3734","MSTN"
"3735","RHOF"
"3736","KCTD11"
"3737","RYR2"
"3738","CPEB4"
"3739","S100Z"
"3740","TAFA5"
"3741","EPAS1"
"3742","POPDC3"
"3743","SHOC1"
"3744","HGFAC"
"3745","GCKR"
"3746","ENKUR"
"3747","SMIM17"
"3748","NEXN"
"3749","SNORC"
"3750","MYOM1"
"3751","PLEKHG4B"
"3752","PLSCR2"
"3753","APOA1"
"3754","GPR55"
"3755","CFAP69"
"3756","PRXL2A"
"3757","OVCH2"
"3758","ATP6V1G2"
"3759","SYN2"
"3760","CALML6"
"3761","FAM221B"
"3762","ABCA13"
"3763","ADGRG1"
"3764","SLC16A12"
"3765","TMEM59L"
"3766","AIRE"
"3767","SOX6"
"3768","FGF11"
"3769","HIC1"
"3770","TSHZ2"
"3771","FOXD1"
"3772","GRIA3"
"3773","MYH3"
"3774","HSD11B2"
"3775","STXBP5"
"3776","ADGRL3"
"3777","NWD2"
"3778","EHF"
"3779","HIST1H2AE"
"3780","RAPGEFL1"
"3781","LEF1"
"3782","KIAA1549"
"3783","AP1S3"
"3784","FOXA3"
"3785","GAS6"
"3786","B3GNT3"
"3787","MET"
"3788","ZNF831"
"3789","HEATR9"
"3790","DUSP23"
"3791","HSD17B6"
"3792","RIC3"
"3793","ANKK1"
"3794","BICC1"
"3795","NTNG1"
"3796","ST8SIA6"
"3797","WWTR1"
"3798","KIF4A"
"3799","C11orf21"
"3800","COL4A6"
"3801","CRYM"
"3802","RNF144A"
"3803","GALNT13"
"3804","PIK3C2B"
"3805","CELSR1"
"3806","SYTL1"
"3807","CSRP1"
"3808","MEGF10"
"3809","MSRB3"
"3810","NCEH1"
"3811","MAN1A1"
"3812","HTR2B"
"3813","GCNT4"
"3814","LRP1B"
"3815","SLC2A4"
"3816","VSIG1"
"3817","MPIG6B"
"3818","ROPN1L"
"3819","IQCN"
"3820","ZNF80"
"3821","DBNDD1"
"3822","SH3TC2"
"3823","GABBR1"
"3824","RNF43"
"3825","NOX5"
"3826","B3GNT7"
"3827","OMD"
"3828","CCDC39"
"3829","PTGER2"
"3830","NKX6-3"
"3831","CCDC178"
"3832","RAB27B"
"3833","KCNJ5"
"3834","PVALB"
"3835","ZNF552"
"3836","OR2AG2"
"3837","TMEM132C"
"3838","ADGRG6"
"3839","FLNB"
"3840","MIA"
"3841","KCNQ3"
"3842","VMO1"
"3843","LYPD1"
"3844","LONRF1"
"3845","SMOC1"
"3846","EVA1A"
"3847","CPQ"
"3848","HSF4"
"3849","TSPAN6"
"3850","PABPC5"
"3851","GALNT10"
"3852","VHLL"
"3853","RGS6"
"3854","TSPAN2"
"3855","PCDHA3"
"3856","BST1"
"3857","CATSPERB"
"3858","UNC5A"
"3859","CCDC65"
"3860","PARD3B"
"3861","CAV2"
"3862","C20orf202"
"3863","TOGARAM2"
"3864","BMP1"
"3865","NUAK2"
"3866","B3GNT5"
"3867","ZNF83"
"3868","ADRA1D"
"3869","ABCC5"
"3870","NRCAM"
"3871","EML6"
"3872","SPTSSB"
"3873","TREML2"
"3874","B3GALT5"
"3875","RSPO4"
"3876","KIFC2"
"3877","HOXB6"
"3878","SOX15"
"3879","RGMB"
"3880","TAL2"
"3881","FAM71F1"
"3882","DSTN"
"3883","WWOX"
"3884","CNN3"
"3885","GNS"
"3886","BEGAIN"
"3887","GNG8"
"3888","INSYN1"
"3889","CD1D"
"3890","DLL3"
"3891","LIME1"
"3892","C4orf47"
"3893","ALDH1L1"
"3894","KCNB1"
"3895","MYL3"
"3896","PLD2"
"3897","AGMO"
"3898","TNFSF11"
"3899","OBSL1"
"3900","RAB31"
"3901","CCDC168"
"3902","PRR19"
"3903","OMG"
"3904","SOWAHC"
"3905","DNMT3A"
"3906","SRL"
"3907","PPARGC1A"
"3908","FOXO1"
"3909","PTGES"
"3910","CSKMT"
"3911","ZNF423"
"3912","ARSF"
"3913","RBBP6"
"3914","AJAP1"
"3915","RBM24"
"3916","STMN2"
"3917","BLACAT1"
"3918","DIXDC1"
"3919","TMEM178B"
"3920","LILRB4"
"3921","SELENOM"
"3922","TEX9"
"3923","MN1"
"3924","CASZ1"
"3925","SMTNL2"
"3926","ZNF703"
"3927","CX3CR1"
"3928","LRRC17"
"3929","ZACN"
"3930","CHD7"
"3931","IER5L"
"3932","KLLN"
"3933","LPCAT2"
"3934","LONRF2"
"3935","ARRDC3"
"3936","RBM47"
"3937","ATP10A"
"3938","EPB41L4A"
"3939","TMEM131L"
"3940","HGD"
"3941","ITPRIPL1"
"3942","ANGPT4"
"3943","PDE6B"
"3944","PIM3"
"3945","EOGT"
"3946","OIT3"
"3947","GLYATL2"
"3948","FAM78B"
"3949","RNFT2"
"3950","ARHGAP8"
"3951","FGF2"
"3952","FNBP1"
"3953","CACNB1"
"3954","GALNT17"
"3955","EMP3"
"3956","INMT"
"3957","KIF11"
"3958","DPP4"
"3959","ENO3"
"3960","KNDC1"
"3961","ERVK3-1"
"3962","MAST3"
"3963","PNPLA1"
"3964","FAM124A"
"3965","ABTB2"
"3966","PPP5D1"
"3967","PLEKHG3"
"3968","ABCG4"
"3969","CES3"
"3970","IPPK"
"3971","HERC5"
"3972","RPP38"
"3973","ST6GALNAC5"
"3974","SLC7A6"
"3975","RBPJ"
"3976","PLXNB1"
"3977","MEF2B"
"3978","CD226"
"3979","PRELID2"
"3980","PTCHD4"
"3981","FRAT1"
"3982","AKAP6"
"3983","CNIH3"
"3984","RASL11A"
"3985","AHI1"
"3986","CDC45"
"3987","ZNF493"
"3988","DPEP1"
"3989","DGLUCY"
"3990","RALGAPA2"
"3991","RGS11"
"3992","C19orf12"
"3993","PLEKHH2"
"3994","CHRD"
"3995","CCNA1"
"3996","MROH7"
"3997","C1QTNF7"
"3998","HOXC5"
"3999","MSX2"
"4000","SP100"
"4001","MLLT3"
"4002","ARID5B"
"4003","HCST"
"4004","SEC24A"
"4005","NLRP1"
"4006","PRDX4"
"4007","DNAJC18"
"4008","IL18BP"
"4009","HTR4"
"4010","ARHGEF1"
"4011","DLX5"
"4012","DPYSL4"
"4013","PLCL1"
"4014","OR4F21"
"4015","TMEM47"
"4016","UTY"
"4017","SMIM5"
"4018","CASS4"
"4019","CD101"
"4020","PITX2"
"4021","GPSM2"
"4022","ZNF285"
"4023","NBL1"
"4024","ANOS1"
"4025","ZNF169"
"4026","ZNF783"
"4027","TLR7"
"4028","LRRC71"
"4029","LIX1L"
"4030","DLK2"
"4031","POLH"
"4032","C8orf48"
"4033","IGLON5"
"4034","ZNF554"
"4035","CAMKK1"
"4036","FOXM1"
"4037","INSL3"
"4038","SULT1C4"
"4039","PBX1"
"4040","LDLRAD4"
"4041","AP1S2"
"4042","BTBD19"
"4043","MAP1S"
"4044","WDR86"
"4045","PTPRK"
"4046","NQO1"
"4047","MXI1"
"4048","LOXL3"
"4049","RGS20"
"4050","ABL2"
"4051","AR"
"4052","LILRA6"
"4053","ANXA8"
"4054","KRBOX1"
"4055","RALGPS2"
"4056","AMT"
"4057","CLTRN"
"4058","LPIN3"
"4059","MTSS2"
"4060","RAB11FIP4"
"4061","THADA"
"4062","CLEC1A"
"4063","FLNA"
"4064","ARL6IP1"
"4065","PTK2B"
"4066","SPAG4"
"4067","BTN3A2"
"4068","MFAP3L"
"4069","SNAI3"
"4070","PLCG1"
"4071","TRIM59"
"4072","SLC5A4"
"4073","ROBO1"
"4074","BID"
"4075","SRGAP3"
"4076","PDZD2"
"4077","TJP1"
"4078","SLC45A4"
"4079","SORT1"
"4080","CLEC6A"
"4081","RNF150"
"4082","VAV1"
"4083","SHC4"
"4084","EGFL8"
"4085","FAM111A"
"4086","CDKN2C"
"4087","RNF212"
"4088","SMAD1"
"4089","GTSF1"
"4090","HSPA4L"
"4091","NCR3"
"4092","SBK1"
"4093","EYA2"
"4094","LPIN2"
"4095","ADAM23"
"4096","ASAH1"
"4097","MYCBPAP"
"4098","RGS12"
"4099","HOXC4"
"4100","STK4"
"4101","NSMCE1"
"4102","CDC42EP4"
"4103","APOBEC3H"
"4104","KLHL30"
"4105","PLXDC2"
"4106","CARD9"
"4107","ZNF671"
"4108","STXBP1"
"4109","CDCA8"
"4110","MAPRE3"
"4111","SEC14L1"
"4112","POGLUT1"
"4113","KLHL32"
"4114","BIRC5"
"4115","MTUS1"
"4116","VAMP1"
"4117","PCDHA4"
"4118","NUGGC"
"4119","CDC25B"
"4120","ANGEL1"
"4121","TRPM4"
"4122","SGCD"
"4123","ZBTB20"
"4124","OLFML1"
"4125","DPYSL2"
"4126","FAM167B"
"4127","GDF11"
"4128","FOXS1"
"4129","RIPK4"
"4130","PROM2"
"4131","SMAD9"
"4132","LINC00672"
"4133","TMSB15B"
"4134","KNSTRN"
"4135","GLIS2"
"4136","CLDN22"
"4137","STX11"
"4138","SMAGP"
"4139","DMRT2"
"4140","KLHDC4"
"4141","AMN"
"4142","AURKA"
"4143","CHTF8"
"4144","IL1RL2"
"4145","PLCD1"
"4146","ARHGEF2"
"4147","FBLIM1"
"4148","PEBP4"
"4149","MGAT5B"
"4150","ATM"
"4151","PABPC1L"
"4152","ACAD11"
"4153","ARMC12"
"4154","ST5"
"4155","TRIO"
"4156","PRPF40B"
"4157","HAND2"
"4158","MOB3C"
"4159","ARL4D"
"4160","TMEM63A"
"4161","CD33"
"4162","SLC51A"
"4163","TCEA2"
"4164","CGNL1"
"4165","GPT2"
"4166","PLAAT1"
"4167","PSRC1"
"4168","CLEC11A"
"4169","ZNF267"
"4170","HEXB"
"4171","MEST"
"4172","DSCAML1"
"4173","FHL3"
"4174","RDH12"
"4175","SEPTIN11"
"4176","TMEM132A"
"4177","TLR6"
"4178","LENEP"
"4179","RIMKLB"
"4180","SH3BP5L"
"4181","MYO10"
"4182","UNC5B"
"4183","NUF2"
"4184","KCTD17"
"4185","SLC16A9"
"4186","TNFRSF14"
"4187","SH3PXD2B"
"4188","TGFBR1"
"4189","PCDHGA5"
"4190","LMAN1L"
"4191","RASSF7"
"4192","FAM83H"
"4193","CEBPB"
"4194","EXO1"
"4195","SPATA20"
"4196","EFCAB10"
"4197","ADAMTS17"
"4198","ABCA7"
"4199","CACNB4"
"4200","PNMA2"
"4201","EDARADD"
"4202","ERBB2"
"4203","PALLD"
"4204","PATJ"
"4205","ATG7"
"4206","NMT2"
"4207","PPP1R9A"
"4208","ARTN"
"4209","MALL"
"4210","HORMAD1"
"4211","KATNAL2"
"4212","CNKSR3"
"4213","SLC41A2"
"4214","PAQR8"
"4215","TRPV2"
"4216","NAGA"
"4217","ABCA3"
"4218","DIAPH1"
"4219","NFKBIE"
"4220","SCARA3"
"4221","SLC26A5"
"4222","UTRN"
"4223","CENPA"
"4224","EPHX1"
"4225","GALNT5"
"4226","DPEP3"
"4227","SGCA"
"4228","C1orf162"
"4229","PDLIM2"
"4230","TIPARP"
"4231","NRBF2"
"4232","BRF2"
"4233","CCDC78"
"4234","SRRM5"
"4235","SLC2A5"
"4236","MPZL3"
"4237","SUSD1"
"4238","SESN1"
"4239","LLGL2"
"4240","NCAPD2"
"4241","MAP3K20"
"4242","JADE1"
"4243","TH"
"4244","DGKE"
"4245","SNRPD1"
"4246","KIAA0513"
"4247","ACOXL"
"4248","SHC1"
"4249","CYB5R1"
"4250","NEIL1"
"4251","ATG16L2"
"4252","CREBL2"
"4253","MAOA"
"4254","ALDH1B1"
"4255","GOLGA8B"
"4256","DEPDC5"
"4257","ZNF337"
"4258","MRNIP"
"4259","ARHGEF40"
"4260","PLIN2"
"4261","TNFRSF12A"
"4262","MCM4"
"4263","SH2D3A"
"4264","SLC12A6"
"4265","PCCA"
"4266","ARHGAP10"
"4267","ECI2"
"4268","SNRK"
"4269","FRMD6"
"4270","KCNS2"
"4271","CCDC159"
"4272","IL17RA"
"4273","RGL3"
"4274","NOP16"
"4275","SLF1"
"4276","SLC2A6"
"4277","MSC"
"4278","TUBE1"
"4279","KCNC4"
"4280","MLKL"
"4281","MDP1"
"4282","MYO3A"
"4283","ACAT2"
"4284","ZNF827"
"4285","AMIGO2"
"4286","ARHGEF28"
"4287","CORO2A"
"4288","APBA2"
"4289","GJC2"
"4290","GPRC5C"
"4291","MICOS10"
"4292","CDKN1C"
"4293","PNP"
"4294","RAB42"
"4295","SIAE"
"4296","ENPP4"
"4297","IFT172"
"4298","VIT"
"4299","SESN2"
"4300","LAP3"
"4301","VAT1"
"4302","SWAP70"
"4303","HOXD11"
"4304","RUNX3"
"4305","TFAP2C"
"4306","IL6R"
"4307","TMEM185A"
"4308","PFKP"
"4309","WSCD2"
"4310","ZNF250"
"4311","RTL10"
"4312","TEX264"
"4313","EPHB2"
"4314","SPAG1"
"4315","SMYD3"
"4316","NUDT7"
"4317","ORC6"
"4318","LPAR2"
"4319","CPLX1"
"4320","L3MBTL3"
"4321","SGIP1"
"4322","FNDC4"
"4323","FZD10"
"4324","BRIP1"
"4325","POLE"
"4326","FANCC"
"4327","KIAA1614"
"4328","ZCCHC3"
"4329","CPNE5"
"4330","SAMD12"
"4331","M1AP"
"4332","SEMA4C"
"4333","SMAD7"
"4334","UCHL1"
"4335","FKRP"
"4336","SERGEF"
"4337","PACRG"
"4338","RAI14"
"4339","CBLC"
"4340","VWA7"
"4341","ATOH8"
"4342","ELOVL5"
"4343","BICD1"
"4344","ALX1"
"4345","RAPGEF2"
"4346","IFFO1"
"4347","KSR1"
"4348","ARMC9"
"4349","PAQR6"
"4350","ZNF503"
"4351","IFIT5"
"4352","ADM5"
"4353","MVD"
"4354","ARHGAP24"
"4355","S100A8"
"4356","TRIM14"
"4357","SULT1A1"
"4358","CEP120"
"4359","PCDHGB7"
"4360","ZNF263"
"4361","DCBLD2"
"4362","THAP6"
"4363","RNF169"
"4364","NINJ2"
"4365","TNFAIP8L2"
"4366","PTPRU"
"4367","EXOC6B"
"4368","LYL1"
"4369","SEC16B"
"4370","PPP1R3F"
"4371","KDM7A"
"4372","NMRK1"
"4373","CBR3"
"4374","ZBTB10"
"4375","BCAT1"
"4376","BNC1"
"4377","CEP170"
"4378","PRKACB"
"4379","THSD1"
"4380","SGSH"
"4381","GBGT1"
"4382","POU5F1B"
"4383","SMPDL3A"
"4384","AGTPBP1"
"4385","UBXN2B"
"4386","ADAM9"
"4387","CRISPLD1"
"4388","APC2"
"4389","NCAM2"
"4390","ZNF589"
"4391","SHTN1"
"4392","KIAA0319"
"4393","MRO"
"4394","SMIM38"
"4395","GNPTAB"
"4396","THNSL2"
"4397","ARHGEF16"
"4398","ROR1"
"4399","HTR1F"
"4400","ZNF236"
"4401","FRMD3"
"4402","LRBA"
"4403","GNMT"
"4404","FUT1"
"4405","REP15"
"4406","TP53I13"
"4407","STK35"
"4408","IGDCC4"
"4409","PTH1R"
"4410","TGIF1"
"4411","DLG4"
"4412","RXYLT1"
"4413","TCF19"
"4414","DTL"
"4415","PKIA"
"4416","PLXNA3"
"4417","SPSB2"
"4418","TAF8"
"4419","S1PR5"
"4420","KCTD5"
"4421","CDC34"
"4422","CENPU"
"4423","CLEC12B"
"4424","CSTF2T"
"4425","GRK6"
"4426","EFEMP2"
"4427","ZNF175"
"4428","ADAP1"
"4429","KDM1B"
"4430","MSANTD3"
"4431","STXBP4"
"4432","PRKD3"
"4433","STEAP1"
"4434","APBB3"
"4435","SLC16A6"
"4436","HDHD3"
"4437","INTS6"
"4438","RTN4RL2"
"4439","CCNE2"
"4440","SH3RF1"
"4441","INAVA"
"4442","MSX1"
"4443","ZNF44"
"4444","SORBS3"
"4445","TNFSF13B"
"4446","AKAP1"
"4447","ITSN1"
"4448","IL7"
"4449","FAM102A"
"4450","LEPROTL1"
"4451","SLC38A5"
"4452","HIP1"
"4453","LRP5L"
"4454","GRAMD2B"
"4455","BTN2A2"
"4456","TECPR2"
"4457","RFLNA"
"4458","NLRP2"
"4459","CDCA7L"
"4460","NEIL2"
"4461","PLEKHH3"
"4462","VXN"
"4463","ZNF578"
"4464","CYP2U1"
"4465","THOP1"
"4466","ATP6V1B2"
"4467","AAAS"
"4468","ZSCAN32"
"4469","BORCS5"
"4470","KCNQ1"
"4471","SFI1"
"4472","KYAT1"
"4473","PHYKPL"
"4474","TTC28"
"4475","GIPR"
"4476","KANK1"
"4477","DMD"
"4478","HPN"
"4479","KBTBD11"
"4480","STAM"
"4481","PSMB9"
"4482","RNF122"
"4483","STAP2"
"4484","ASAP3"
"4485","EZH2"
"4486","KIF15"
"4487","NKAPL"
"4488","PACSIN2"
"4489","BTBD9"
"4490","CXXC5"
"4491","NFAT5"
"4492","CACNB2"
"4493","SENP7"
"4494","KAZN"
"4495","RNF213"
"4496","SYTL4"
"4497","HOXD3"
"4498","ATP13A3"
"4499","RGS18"
"4500","ECHDC2"
"4501","SCN3B"
"4502","GAB2"
"4503","PHF8"
"4504","ADHFE1"
"4505","RIMBP2"
"4506","FOXF1"
"4507","TMX4"
"4508","LIG1"
"4509","FBXO5"
"4510","USP11"
"4511","ZMAT3"
"4512","ZC2HC1A"
"4513","CEP162"
"4514","CLDND1"
"4515","MARCH5"
"4516","TMED8"
"4517","CLIP4"
"4518","CAT"
"4519","IKZF4"
"4520","MOB3B"
"4521","HPS3"
"4522","EZHIP"
"4523","SEC31B"
"4524","SMC4"
"4525","ACAA2"
"4526","MOB2"
"4527","RRAS2"
"4528","ZSCAN18"
"4529","AFAP1"
"4530","RAB3IP"
"4531","TRIB3"
"4532","TPH1"
"4533","TNNC2"
"4534","MYLPF"
"4535","CD160"
"4536","ABCC11"
"4537","NOTCH3"
"4538","FASN"
"4539","LAMA5"
"4540","TNR"
"4541","CTSB"
"4542","BFSP2"
"4543","CFAP43"
"4544","PNPLA2"
"4545","GLTP"
"4546","MGST1"
"4547","PRIMA1"
"4548","SEMA3F"
"4549","DSG3"
"4550","CHST13"
"4551","HCLS1"
"4552","LCE5A"
"4553","SEC14L4"
"4554","SYT3"
"4555","KLKB1"
"4556","FABP5"
"4557","OBP2A"
"4558","WIPF1"
"4559","CA12"
"4560","ANXA9"
"4561","VTN"
"4562","MISP"
"4563","RAB25"
"4564","MATN1"
"4565","CST2"
"4566","DAZL"
"4567","S100A14"
"4568","ARHGAP4"
"4569","NECAB2"
"4570","ERICH5"
"4571","PKD1L3"
"4572","EPB41L4B"
"4573","TSGA10IP"
"4574","DUSP26"
"4575","KCNT1"
"4576","KIF12"
"4577","SERINC2"
"4578","THSD7B"
"4579","GRIN2A"
"4580","FNDC5"
"4581","DNER"
"4582","C22orf15"
"4583","SPINT1"
"4584","CPSF4L"
"4585","INPP5J"
"4586","PSMA8"
"4587","THSD8"
"4588","ANKRD35"
"4589","LMO1"
"4590","RETREG1"
"4591","SEL1L"
"4592","ERFE"
"4593","PCDHA13"
"4594","SEMA5B"
"4595","PAPOLB"
"4596","TRIM10"
"4597","AC233723.1"
"4598","PDP1"
"4599","L1TD1"
"4600","TENT5B"
"4601","RMND5A"
"4602","ANKS1B"
"4603","CTNNBIP1"
"4604","SEMA4G"
"4605","LRRC20"
"4606","CASC1"
"4607","METRNL"
"4608","UPB1"
"4609","GM2A"
"4610","KRTAP5-8"
"4611","C6orf223"
"4612","C12orf42"
"4613","PAQR7"
"4614","KBTBD12"
"4615","GDPD2"
"4616","METTL7B"
"4617","ZNF385C"
"4618","TP53INP2"
"4619","KSR2"
"4620","PDZD7"
"4621","ANKRD13A"
"4622","CCL25"
"4623","TFR2"
"4624","TMEM236"
"4625","USP44"
"4626","SLCO4C1"
"4627","GREB1L"
"4628","SLC12A4"
"4629","CEBPA"
"4630","VASN"
"4631","TEX14"
"4632","GHR"
"4633","PPP1R3C"
"4634","ARHGAP11B"
"4635","CPS1"
"4636","ANKRD45"
"4637","C17orf107"
"4638","SVOPL"
"4639","KLK1"
"4640","CNDP1"
"4641","GALNT8"
"4642","LRRC4C"
"4643","MPP4"
"4644","STAC3"
"4645","UAP1L1"
"4646","FNDC11"
"4647","SLC26A2"
"4648","WNT6"
"4649","CFAP73"
"4650","KPNA7"
"4651","DRC3"
"4652","SNAI1"
"4653","ENO4"
"4654","CPN2"
"4655","DBI"
"4656","KHDRBS3"
"4657","HERC4"
"4658","CPZ"
"4659","DDR1"
"4660","ACOX1"
"4661","CLDN9"
"4662","CNKSR2"
"4663","AKR1C8P"
"4664","RBBP8NL"
"4665","FOXC1"
"4666","VTCN1"
"4667","SH3GLB2"
"4668","FBXO24"
"4669","FAM83C"
"4670","ITGB5"
"4671","APOL4"
"4672","SMIM41"
"4673","SPATA22"
"4674","RAB33A"
"4675","SSTR1"
"4676","TCHH"
"4677","RLN1"
"4678","BAIAP2L2"
"4679","CAVIN3"
"4680","GPR146"
"4681","CYP2E1"
"4682","GYPE"
"4683","COL25A1"
"4684","GJA3"
"4685","HSPB6"
"4686","KDM5D"
"4687","ART3"
"4688","SAT1"
"4689","CNR1"
"4690","CCDC169"
"4691","LRRC36"
"4692","GPR19"
"4693","WFDC3"
"4694","SLC28A3"
"4695","TP63"
"4696","PPARD"
"4697","PRSS3"
"4698","IFITM3"
"4699","HEPH"
"4700","MYRF"
"4701","CTNNA3"
"4702","CYB5A"
"4703","CD8B2"
"4704","MYMX"
"4705","CPNE9"
"4706","EXOC3L4"
"4707","EFCAB1"
"4708","MLIP"
"4709","GLRB"
"4710","CCDC38"
"4711","LRRC46"
"4712","CACNA1B"
"4713","SLC2A14"
"4714","SERPINC1"
"4715","LPP"
"4716","SNTG2"
"4717","ASIC3"
"4718","MICU3"
"4719","TTC36"
"4720","DCDC2B"
"4721","PCDHB6"
"4722","SIGLEC12"
"4723","SLC15A2"
"4724","ZNF488"
"4725","C1QTNF4"
"4726","APOB"
"4727","LURAP1L"
"4728","PEAK3"
"4729","TBXAS1"
"4730","CYBA"
"4731","BBS5"
"4732","ATP8B1"
"4733","TMEM255A"
"4734","SHANK1"
"4735","TMCC2"
"4736","CALCR"
"4737","PSAT1"
"4738","RHBDL3"
"4739","FAM43B"
"4740","CCDC68"
"4741","LGALS3"
"4742","LSMEM1"
"4743","KCNK3"
"4744","RND2"
"4745","ANKRD18B"
"4746","AC007906.2"
"4747","CYP21A2"
"4748","NRTN"
"4749","TNFSF10"
"4750","RAB9B"
"4751","FAM92B"
"4752","LAD1"
"4753","PSD2"
"4754","KIF25"
"4755","PTH2R"
"4756","PORCN"
"4757","CDKN2A"
"4758","ATRNL1"
"4759","SAPCD2"
"4760","ARL5C"
"4761","FAM210A"
"4762","BAALC"
"4763","PRSS21"
"4764","GPR150"
"4765","CPXM2"
"4766","SLC9A3R1"
"4767","LIPC"
"4768","SCNN1B"
"4769","AC090360.1"
"4770","SLC35F1"
"4771","SLC41A1"
"4772","KCNQ4"
"4773","H2AFY2"
"4774","GDF7"
"4775","ZCCHC18"
"4776","NLRP14"
"4777","UCN2"
"4778","HRK"
"4779","SLC24A3"
"4780","TMEM63C"
"4781","SAMD14"
"4782","SH2D4B"
"4783","ODF3L1"
"4784","OOSP3"
"4785","GVQW3"
"4786","WIPF3"
"4787","RHPN2"
"4788","NIBAN2"
"4789","GUCY1A2"
"4790","RARRES2"
"4791","TTLL3"
"4792","AP3B2"
"4793","GJB4"
"4794","BMX"
"4795","CSNK1E"
"4796","CHST12"
"4797","DUSP9"
"4798","LRRC43"
"4799","LRRC63"
"4800","LONRF3"
"4801","TRPC4"
"4802","SKIDA1"
"4803","DNAJC12"
"4804","MSMO1"
"4805","TMEM74"
"4806","PPIAL4G"
"4807","CORIN"
"4808","PLEKHG4"
"4809","KLF15"
"4810","CYP2C18"
"4811","AMER2"
"4812","LTA4H"
"4813","ZNF233"
"4814","RUNX1"
"4815","SMAD3"
"4816","STK32B"
"4817","DYNC1I1"
"4818","DIAPH3"
"4819","STUM"
"4820","EFR3B"
"4821","NXPH3"
"4822","C5orf30"
"4823","TSACC"
"4824","SMIM3"
"4825","SHANK2"
"4826","UGT1A1"
"4827","ADGRE1"
"4828","MSANTD1"
"4829","HYAL3"
"4830","PDLIM4"
"4831","GPC6"
"4832","NEK10"
"4833","FOXH1"
"4834","ZNF549"
"4835","MED12L"
"4836","DMC1"
"4837","PLEKHA6"
"4838","SAA4"
"4839","SCX"
"4840","CHD5"
"4841","BEND4"
"4842","KISS1R"
"4843","TUSC3"
"4844","RRP12"
"4845","TMCC3"
"4846","LVRN"
"4847","AGPAT2"
"4848","TKTL2"
"4849","CMYA5"
"4850","KLHL21"
"4851","LAPTM4B"
"4852","LPAR4"
"4853","CPLX3"
"4854","PLEKHM1"
"4855","TTC24"
"4856","GPC4"
"4857","MT1A"
"4858","SLC7A4"
"4859","GAN"
"4860","NTF3"
"4861","CCDC151"
"4862","ADGRF3"
"4863","PNLDC1"
"4864","WASL"
"4865","TRIM25"
"4866","ZDHHC15"
"4867","SLC26A10"
"4868","SOWAHD"
"4869","CDH8"
"4870","CPEB1"
"4871","IQCD"
"4872","LPCAT1"
"4873","REELD1"
"4874","TLN2"
"4875","ARHGAP11A"
"4876","SCUBE2"
"4877","GPR27"
"4878","SP140L"
"4879","NET1"
"4880","PRKAG3"
"4881","LY6K"
"4882","BEND5"
"4883","NBEAL2"
"4884","CCDC71L"
"4885","ECT2L"
"4886","NPR3"
"4887","GAA"
"4888","BLVRB"
"4889","CACNA1D"
"4890","RASSF5"
"4891","CDCP1"
"4892","TXNDC17"
"4893","CTH"
"4894","RASA4B"
"4895","FDPS"
"4896","FRMPD3"
"4897","SLC22A16"
"4898","CFAP46"
"4899","ZNF607"
"4900","EPHA10"
"4901","CLCF1"
"4902","DGKA"
"4903","STAG3"
"4904","CDCP2"
"4905","PINLYP"
"4906","SMIM33"
"4907","STARD9"
"4908","MYO15A"
"4909","HES5"
"4910","RNF112"
"4911","SERPINB8"
"4912","PDE9A"
"4913","VPS37B"
"4914","GPLD1"
"4915","TEX11"
"4916","APOBEC3D"
"4917","AARD"
"4918","ZNF469"
"4919","GOLGA8M"
"4920","TOR3A"
"4921","GPRIN2"
"4922","NR1I2"
"4923","VPS8"
"4924","NIPAL4"
"4925","SSTR2"
"4926","TCP11"
"4927","GAST"
"4928","CLDN23"
"4929","NSG2"
"4930","NME8"
"4931","KCNK2"
"4932","NFKB2"
"4933","KATNBL1"
"4934","PIANP"
"4935","GNRH2"
"4936","ZNF676"
"4937","PELI1"
"4938","SH2D5"
"4939","PLLP"
"4940","AQP11"
"4941","ZC2HC1B"
"4942","RSPO1"
"4943","PTPRD"
"4944","EFCAB12"
"4945","CDHR3"
"4946","GRIK4"
"4947","CNRIP1"
"4948","SYPL2"
"4949","RCVRN"
"4950","TCEAL7"
"4951","ATF7IP2"
"4952","HHAT"
"4953","B4GALNT4"
"4954","LGR5"
"4955","RHEBL1"
"4956","HSF5"
"4957","CCL26"
"4958","KRT222"
"4959","FAM131B"
"4960","VASH2"
"4961","TCTEX1D4"
"4962","ABCD1"
"4963","ATP1A3"
"4964","SNAPC4"
"4965","ANKRD18A"
"4966","BGLAP"
"4967","KCNH1"
"4968","TSPAN10"
"4969","CASKIN1"
"4970","C2CD4B"
"4971","SLC38A7"
"4972","PLAAT3"
"4973","ATP2A1"
"4974","CYB5R2"
"4975","DCHS2"
"4976","DCAF4L1"
"4977","IL12A"
"4978","TFAP2A"
"4979","GNA14"
"4980","ERFL"
"4981","PLPP4"
"4982","HOXB5"
"4983","SULT1A2"
"4984","C3orf80"
"4985","SPAAR"
"4986","CASP10"
"4987","RASGRF1"
"4988","NAALAD2"
"4989","CARHSP1"
"4990","NEGR1"
"4991","ANGPTL1"
"4992","ZNF550"
"4993","PTPRN2"
"4994","TMEM108"
"4995","KIAA1257"
"4996","NT5DC4"
"4997","DENND6B"
"4998","SIGLEC15"
"4999","CCDC62"
"5000","SUPT3H"
